nome_projeto;featura_nome_teste;id_test;status;data_execucao                                                                       
PropostaExcel;geração-de-proposta-no-sistema-nrc2;Operação avulsa - Geração de Proposta;passed;2021-08-09 09:57:02-0300                                                                      
PropostaExcel;geração-de-proposta-no-sistema-nrc2;Operação avulsa - Geração de Proposta;passed;2021-08-09 09:57:53-0300                                                                    
PropostaExcel;geração-de-proposta-no-sistema-nrc2;Operação avulsa - Geração de Proposta;failed;2021-08-09 09:58:25-0300                                                                 
PropostaExcel;geração-de-proposta-no-sistema-nrc2;Operação avulsa - Geração de Proposta;passed;2021-08-09 09:59:08-0300                                                              
PropostaExcel;geração-de-proposta-no-sistema-nrc2;Operação avulsa - Geração de Proposta;passed;2021-08-09 09:59:09-0300                                                             
PropostaExcel;geração-de-proposta-no-sistema-nrc2;Operação avulsa - Geração de Proposta;passed;2021-08-09 09:59:55-0300                                                           
PropostaExcel;geração-de-proposta-no-sistema-nrc2;Operação avulsa - Geração de Proposta;failed;2021-08-09 10:00:32-0300                                                        
PropostaExcel;geração-de-proposta-no-sistema-nrc2;Operação avulsa - Geração de Proposta;passed;2021-08-10 14:57:06-0300                                                     
PropostaExcel;geração-de-proposta-no-sistema-nrc2;Operação avulsa - Geração de Proposta;failed;2021-08-10 14:57:36-0300                                                  
PropostaExcel;geração-de-proposta-no-sistema-nrc2;Operação avulsa - Geração de Proposta;failed;2021-08-10 14:58:36-0300                                               
PropostaExcel;geração-de-proposta-no-sistema-nrc2;Operação avulsa - Geração de Proposta;failed;2021-08-10 14:59:04-0300                                            
PropostaExcel;geração-de-proposta-no-sistema-nrc2;Operação avulsa - Geração de Proposta;passed;2021-08-10 14:59:54-0300                                         
PropostaExcel;geração-de-proposta-no-sistema-nrc2;Operação avulsa - Geração de Proposta;failed;2021-08-10 15:00:44-0300                                      
PropostaExcel;geração-de-proposta-no-sistema-nrc2;Operação avulsa - Geração de Proposta;failed;2021-08-10 15:00:45-0300                                     
PropostaExcel;geração-de-proposta-no-sistema-nrc2;Operação avulsa - Geração de Proposta;passed;2021-08-10 16:27:33-0300                                   
PropostaExcel;geração-de-proposta-no-sistema-nrc2;Operação avulsa - Geração de Proposta;passed;2021-08-10 16:28:19-0300                                
PropostaExcel;geração-de-proposta-no-sistema-nrc2;Operação avulsa - Geração de Proposta;failed;2021-08-10 16:28:49-0300                             
PropostaExcel;geração-de-proposta-no-sistema-nrc2;Operação avulsa - Geração de Proposta;passed;2021-08-10 16:29:35-0300                          
PropostaExcel;geração-de-proposta-no-sistema-nrc2;Operação avulsa - Geração de Proposta;passed;2021-08-10 16:30:23-0300                       
PropostaExcel;geração-de-proposta-no-sistema-nrc2;Operação avulsa - Geração de Proposta;failed;2021-08-10 16:30:52-0300                    
PropostaExcel;geração-de-proposta-no-sistema-nrc2;Operação avulsa - Geração de Proposta;passed;2021-08-11 10:40:32-0300                 
PropostaExcel;geração-de-proposta-no-sistema-nrc2;Operação avulsa - Geração de Proposta;passed;2021-08-11 10:41:37-0300              
PropostaExcel;geração-de-proposta-no-sistema-nrc2;Operação avulsa - Geração de Proposta;failed;2021-08-11 10:42:34-0300           
PropostaExcel;geração-de-proposta-no-sistema-nrc2;Operação avulsa - Geração de Proposta;failed;2021-08-11 10:42:35-0300          
PropostaExcel;geração-de-proposta-no-sistema-nrc2;Operação avulsa - Geração de Proposta;passed;2021-08-11 10:43:19-0300        
PropostaExcel;geração-de-proposta-no-sistema-nrc2;Operação avulsa - Geração de Proposta;passed;2021-08-11 10:44:08-0300     
PropostaExcel;geração-de-proposta-no-sistema-nrc2;Operação avulsa - Geração de Proposta;failed;2021-08-11 10:44:46-0300  
