nome_projeto;featura_nome_teste;id_test;status;data_execucao                 
TransAgendaSecOctane;@ct-agt-1529-001---transacoes-agenda-sec-validar-taxas-e-prazos-referentes-a-transacoes-no-agenda-sec;@CT_AGT_1529_001 - EC [2015556073] bandeira [ELO] para o produto [CREDITO];passed;2021-08-09 15:51:27-0300                
TransAgendaSecOctane;@ct-agt-1529-002---transacoes-agenda-sec-validar-taxas-e-prazos-referentes-a-transacoes-no-agenda-sec;@CT_AGT_1529_002 - EC [2015556073] bandeira [ELO] para o produto [CREDITO];passed;2021-08-09 15:52:06-0300              
TransAgendaSecOctane;@ct-agt-1529-005---transacoes-agenda-sec-validar-taxas-e-prazos-referentes-a-transacoes-no-agenda-sec;@CT_AGT_1529_005 - EC [2015556073] bandeira [ELO] para o produto [CREDITO];passed;2021-08-09 15:59:12-0300           
TransAgendaSecOctane;@ct-agt-1529-005---transacoes-agenda-sec-validar-taxas-e-prazos-referentes-a-transacoes-no-agenda-sec;@CT_AGT_1529_005 - EC [2015556073] bandeira [ELO] para o produto [CREDITO];passed;2021-08-09 15:59:13-0300          
TransAgendaSecOctane;@ct-agt-1529-006---transacoes-agenda-sec-validar-taxas-e-prazos-referentes-a-transacoes-no-agenda-sec;@CT_AGT_1529_006 - EC [2015556073] bandeira [ELO] para o produto [CREDITO];passed;2021-08-09 15:59:50-0300        
TransAgendaSecOctane;@ct-agt-1529-005---transacoes-agenda-sec-validar-taxas-e-prazos-referentes-a-transacoes-no-agenda-sec;@CT_AGT_1529_005 - EC [2015556073] bandeira [ELO] para o produto [CREDITO];passed;2021-08-11 16:00:46-0300     
TransAgendaSecOctane;@ct-agt-1529-006---transacoes-agenda-sec-validar-taxas-e-prazos-referentes-a-transacoes-no-agenda-sec;@CT_AGT_1529_006 - EC [2015556073] bandeira [ELO] para o produto [CREDITO];passed;2021-08-11 16:01:27-0300  
