nome_projeto;featura_nome_teste;id_test;status;data_execucao                                                                                                                                                                 
Validar Exclusao MDR Minimo - SEC;validar-exclusao-mdr-minimo---sec;CT.CAD.043.209 - Validar a exclusão de MDR minimo Cat. A no SEC;failed;2021-08-06 16:55:32-0300                                                                                                                                                                
Validar Exclusao MDR Minimo - SEC;validar-exclusao-mdr-minimo---sec;CT.CAD.043.210 - Validar a exclusão de MDR minimo Cat. B no SEC;failed;2021-08-06 16:56:14-0300                                                                                                                                                              
Validar Exclusao MDR Minimo - SEC;validar-exclusao-mdr-minimo---sec;CT.CAD.043.210 - Validar a exclusão de MDR minimo Cat. B no SEC;failed;2021-08-06 16:56:15-0300                                                                                                                                                             
Validar Exclusao MDR Minimo - SEC;validar-exclusao-mdr-minimo---sec;CT.CAD.043.211 - Validar a exclusão de MDR minimo Cat. C no SEC;failed;2021-08-06 16:56:57-0300                                                                                                                                                           
Validar Exclusao MDR Minimo - SEC;validar-exclusao-mdr-minimo---sec;CT.CAD.043.211 - Validar a exclusão de MDR minimo Cat. C no SEC;failed;2021-08-06 16:56:58-0300                                                                                                                                                          
Validar Exclusao MDR Minimo - SEC;validar-exclusao-mdr-minimo---sec;CT.CAD.043.212 - Validar a exclusão de MDR minimo Cat. D no SEC;failed;2021-08-06 16:57:41-0300                                                                                                                                                        
Validar Exclusao MDR Minimo - SEC;validar-exclusao-mdr-minimo---sec;CT.CAD.043.213 - Validar a exclusão de MDR minimo Cat. And no SEC;failed;2021-08-06 16:58:24-0300                                                                                                                                                     
Validar Exclusao MDR Minimo - SEC;validar-exclusao-mdr-minimo---sec;CT.CAD.043.214 - Validar a exclusão de MDR minimo Cat. F no SEC;failed;2021-08-06 16:59:07-0300                                                                                                                                                  
Validar Exclusao MDR Minimo - SEC;validar-exclusao-mdr-minimo---sec;CT.CAD.043.215 - Validar a exclusão de MDR minimo Cat. G no SEC;failed;2021-08-06 16:59:50-0300                                                                                                                                               
Validar Exclusao MDR Minimo - SEC;validar-exclusao-mdr-minimo---sec;CT.CAD.043.216 - Validar a exclusão de MDR minimo Cat. H no SEC;failed;2021-08-06 17:00:34-0300                                                                                                                                            
Validar Exclusao MDR Minimo - SEC;validar-exclusao-mdr-minimo---sec;CT.CAD.043.216 - Validar a exclusão de MDR minimo Cat. H no SEC;failed;2021-08-06 17:00:35-0300                                                                                                                                           
Validar Exclusao MDR Minimo - SEC;validar-exclusao-mdr-minimo---sec;CT.CAD.043.217 - Validar a exclusão de MDR minimo Cat. I no SEC;failed;2021-08-06 17:01:19-0300                                                                                                                                         
Validar Exclusao MDR Minimo - SEC;validar-exclusao-mdr-minimo---sec;CT.CAD.043.218 - Validar a exclusão de MDR minimo Cat. J no SEC;failed;2021-08-06 17:02:02-0300                                                                                                                                      
Validar Exclusao MDR Minimo - SEC;validar-exclusao-mdr-minimo---sec;CT.CAD.043.219 - Validar a exclusão de MDR minimo Cat. K no SEC;failed;2021-08-06 17:02:45-0300                                                                                                                                   
Validar Exclusao MDR Minimo - SEC;validar-exclusao-mdr-minimo---sec;CT.CAD.043.219 - Validar a exclusão de MDR minimo Cat. K no SEC;failed;2021-08-06 17:02:46-0300                                                                                                                                  
Validar Exclusao MDR Minimo - SEC;validar-exclusao-mdr-minimo---sec;CT.CAD.043.220 - Validar a exclusão de MDR minimo Cat. L no SEC;failed;2021-08-06 17:03:28-0300                                                                                                                                
Validar Exclusao MDR Minimo - SEC;validar-exclusao-mdr-minimo---sec;CT.CAD.043.221 - Validar a exclusão de MDR minimo Cat. M no SEC;failed;2021-08-06 17:04:11-0300                                                                                                                             
Validar Exclusao MDR Minimo - SEC;validar-exclusao-mdr-minimo---sec;CT.CAD.043.222 - Validar a exclusão de MDR minimo Cat. N no SEC;failed;2021-08-06 17:04:55-0300                                                                                                                          
Validar Exclusao MDR Minimo - SEC;validar-exclusao-mdr-minimo---sec;CT.CAD.043.223 - Validar a exclusão de MDR minimo Cat. O no SEC;failed;2021-08-06 17:05:38-0300                                                                                                                       
Validar Exclusao MDR Minimo - SEC;validar-exclusao-mdr-minimo---sec;CT.CAD.043.223 - Validar a exclusão de MDR minimo Cat. O no SEC;failed;2021-08-06 17:05:39-0300                                                                                                                      
Validar Exclusao MDR Minimo - SEC;validar-exclusao-mdr-minimo---sec;CT.CAD.043.224 - Validar a exclusão de MDR minimo Cat. P no SEC;failed;2021-08-06 17:06:22-0300                                                                                                                    
Validar Exclusao MDR Minimo - SEC;validar-exclusao-mdr-minimo---sec;CT.CAD.043.225 - Validar a exclusão de MDR minimo Cat. Q no SEC;failed;2021-08-06 17:07:05-0300                                                                                                                 
Validar Exclusao MDR Minimo - SEC;validar-exclusao-mdr-minimo---sec;CT.CAD.043.226 - Validar a exclusão de MDR minimo Cat. R no SEC;failed;2021-08-06 17:07:47-0300                                                                                                              
Validar Exclusao MDR Minimo - SEC;validar-exclusao-mdr-minimo---sec;CT.CAD.043.226 - Validar a exclusão de MDR minimo Cat. R no SEC;failed;2021-08-06 17:07:48-0300                                                                                                             
Validar Exclusao MDR Minimo - SEC;validar-exclusao-mdr-minimo---sec;CT.CAD.043.227 - Validar a exclusão de MDR minimo Cat. S no SEC;failed;2021-08-06 17:08:30-0300                                                                                                           
Validar Exclusao MDR Minimo - SEC;validar-exclusao-mdr-minimo---sec;CT.CAD.043.228 - Validar a exclusão de MDR minimo Cat. T no SEC;failed;2021-08-06 17:09:15-0300                                                                                                        
Validar Exclusao MDR Minimo - SEC;validar-exclusao-mdr-minimo---sec;CT.CAD.043.229 - Validar a exclusão de MDR minimo Cat. U no SEC;failed;2021-08-06 17:09:59-0300                                                                                                     
Validar Exclusao MDR Minimo - SEC;validar-exclusao-mdr-minimo---sec;CT.CAD.043.229 - Validar a exclusão de MDR minimo Cat. U no SEC;failed;2021-08-06 17:10:00-0300                                                                                                    
Validar Exclusao MDR Minimo - SEC;validar-exclusao-mdr-minimo---sec;CT.CAD.043.231 - Validar a exclusão de MDR minimo Cat. W no SEC;failed;2021-08-06 17:10:42-0300                                                                                                  
Validar Exclusao MDR Minimo - SEC;validar-exclusao-mdr-minimo---sec;CT.CAD.043.231 - Validar a exclusão de MDR minimo Cat. W no SEC;failed;2021-08-06 17:10:43-0300                                                                                                 
Validar Exclusao MDR Minimo - SEC;validar-exclusao-mdr-minimo---sec;CT.CAD.043.232 - Validar a exclusão de MDR minimo Cat. X no SEC;failed;2021-08-06 17:11:26-0300                                                                                               
Validar Exclusao MDR Minimo - SEC;validar-exclusao-mdr-minimo---sec;CT.CAD.043.233 - Validar a exclusão de MDR minimo Cat. Y no SEC;failed;2021-08-06 17:12:09-0300                                                                                            
Validar Exclusao MDR Minimo - SEC;validar-exclusao-mdr-minimo---sec;CT.CAD.043.234 - Validar a exclusão de MDR minimo Cat. Z no SEC;failed;2021-08-06 17:12:52-0300                                                                                         
Validar Exclusao MDR Minimo - SEC;validar-exclusao-mdr-minimo---sec;CT.CAD.043.246 - Validar a exclusão de MDR minimo Cat. 1 no SEC;failed;2021-08-06 17:13:35-0300                                                                                      
Validar Exclusao MDR Minimo - SEC;validar-exclusao-mdr-minimo---sec;CT.CAD.043.255 - Validar a exclusão de MDR minimo Cat. 0 no SEC;failed;2021-08-06 17:14:18-0300                                                                                   
Validar Exclusao MDR Minimo - SEC;validar-exclusao-mdr-minimo---sec;CT.CAD.043.209 - Validar a exclusão de MDR minimo Cat. A no SEC;passed;2021-08-10 16:55:19-0300                                                                                
Validar Exclusao MDR Minimo - SEC;validar-exclusao-mdr-minimo---sec;CT.CAD.043.210 - Validar a exclusão de MDR minimo Cat. B no SEC;passed;2021-08-10 16:56:03-0300                                                                             
Validar Exclusao MDR Minimo - SEC;validar-exclusao-mdr-minimo---sec;CT.CAD.043.211 - Validar a exclusão de MDR minimo Cat. C no SEC;passed;2021-08-10 16:56:45-0300                                                                          
Validar Exclusao MDR Minimo - SEC;validar-exclusao-mdr-minimo---sec;CT.CAD.043.212 - Validar a exclusão de MDR minimo Cat. D no SEC;passed;2021-08-10 16:57:28-0300                                                                       
Validar Exclusao MDR Minimo - SEC;validar-exclusao-mdr-minimo---sec;CT.CAD.043.213 - Validar a exclusão de MDR minimo Cat. And no SEC;passed;2021-08-10 16:58:11-0300                                                                    
Validar Exclusao MDR Minimo - SEC;validar-exclusao-mdr-minimo---sec;CT.CAD.043.214 - Validar a exclusão de MDR minimo Cat. F no SEC;passed;2021-08-10 16:58:53-0300                                                                 
Validar Exclusao MDR Minimo - SEC;validar-exclusao-mdr-minimo---sec;CT.CAD.043.215 - Validar a exclusão de MDR minimo Cat. G no SEC;passed;2021-08-10 16:59:35-0300                                                              
Validar Exclusao MDR Minimo - SEC;validar-exclusao-mdr-minimo---sec;CT.CAD.043.216 - Validar a exclusão de MDR minimo Cat. H no SEC;passed;2021-08-10 17:00:21-0300                                                           
Validar Exclusao MDR Minimo - SEC;validar-exclusao-mdr-minimo---sec;CT.CAD.043.217 - Validar a exclusão de MDR minimo Cat. I no SEC;passed;2021-08-10 17:01:04-0300                                                        
Validar Exclusao MDR Minimo - SEC;validar-exclusao-mdr-minimo---sec;CT.CAD.043.218 - Validar a exclusão de MDR minimo Cat. J no SEC;passed;2021-08-10 17:01:47-0300                                                     
Validar Exclusao MDR Minimo - SEC;validar-exclusao-mdr-minimo---sec;CT.CAD.043.219 - Validar a exclusão de MDR minimo Cat. K no SEC;passed;2021-08-10 17:02:33-0300                                                  
Validar Exclusao MDR Minimo - SEC;validar-exclusao-mdr-minimo---sec;CT.CAD.043.220 - Validar a exclusão de MDR minimo Cat. L no SEC;passed;2021-08-10 17:03:21-0300                                               
Validar Exclusao MDR Minimo - SEC;validar-exclusao-mdr-minimo---sec;CT.CAD.043.221 - Validar a exclusão de MDR minimo Cat. M no SEC;passed;2021-08-10 17:04:04-0300                                            
Validar Exclusao MDR Minimo - SEC;validar-exclusao-mdr-minimo---sec;CT.CAD.043.222 - Validar a exclusão de MDR minimo Cat. N no SEC;passed;2021-08-10 17:04:47-0300                                         
Validar Exclusao MDR Minimo - SEC;validar-exclusao-mdr-minimo---sec;CT.CAD.043.223 - Validar a exclusão de MDR minimo Cat. O no SEC;passed;2021-08-10 17:05:29-0300                                      
Validar Exclusao MDR Minimo - SEC;validar-exclusao-mdr-minimo---sec;CT.CAD.043.224 - Validar a exclusão de MDR minimo Cat. P no SEC;passed;2021-08-10 17:06:13-0300                                   
Validar Exclusao MDR Minimo - SEC;validar-exclusao-mdr-minimo---sec;CT.CAD.043.225 - Validar a exclusão de MDR minimo Cat. Q no SEC;passed;2021-08-10 17:06:56-0300                                
Validar Exclusao MDR Minimo - SEC;validar-exclusao-mdr-minimo---sec;CT.CAD.043.226 - Validar a exclusão de MDR minimo Cat. R no SEC;passed;2021-08-10 17:07:39-0300                             
Validar Exclusao MDR Minimo - SEC;validar-exclusao-mdr-minimo---sec;CT.CAD.043.227 - Validar a exclusão de MDR minimo Cat. S no SEC;passed;2021-08-10 17:08:22-0300                          
Validar Exclusao MDR Minimo - SEC;validar-exclusao-mdr-minimo---sec;CT.CAD.043.228 - Validar a exclusão de MDR minimo Cat. T no SEC;passed;2021-08-10 17:09:05-0300                       
Validar Exclusao MDR Minimo - SEC;validar-exclusao-mdr-minimo---sec;CT.CAD.043.229 - Validar a exclusão de MDR minimo Cat. U no SEC;passed;2021-08-10 17:09:48-0300                    
Validar Exclusao MDR Minimo - SEC;validar-exclusao-mdr-minimo---sec;CT.CAD.043.231 - Validar a exclusão de MDR minimo Cat. W no SEC;passed;2021-08-10 17:10:30-0300                 
Validar Exclusao MDR Minimo - SEC;validar-exclusao-mdr-minimo---sec;CT.CAD.043.232 - Validar a exclusão de MDR minimo Cat. X no SEC;passed;2021-08-10 17:11:12-0300              
Validar Exclusao MDR Minimo - SEC;validar-exclusao-mdr-minimo---sec;CT.CAD.043.233 - Validar a exclusão de MDR minimo Cat. Y no SEC;passed;2021-08-10 17:11:54-0300           
Validar Exclusao MDR Minimo - SEC;validar-exclusao-mdr-minimo---sec;CT.CAD.043.234 - Validar a exclusão de MDR minimo Cat. Z no SEC;passed;2021-08-10 17:12:38-0300        
Validar Exclusao MDR Minimo - SEC;validar-exclusao-mdr-minimo---sec;CT.CAD.043.246 - Validar a exclusão de MDR minimo Cat. 1 no SEC;passed;2021-08-10 17:13:20-0300     
Validar Exclusao MDR Minimo - SEC;validar-exclusao-mdr-minimo---sec;CT.CAD.043.255 - Validar a exclusão de MDR minimo Cat. 0 no SEC;failed;2021-08-10 17:14:07-0300  
Validar Exclusao MDR Minimo - SEC;validar-exclusao-mdr-minimo---sec;CT.CAD.043.255 - Validar a exclusão de MDR minimo Cat. 0 no SEC;failed;2021-08-10 17:14:08-0300 
