nome_projeto;featura_nome_teste;id_test;status;data_execucao                                                                                                                                                                                                                            
Validar Alteracao de Taxa e Prazo;taxas-e-recebimento;Validar alteracao na taxa de remuneracao e prazo de liquidacao para Visa Credito A Vista no STAR, SEC e no SITAnd Cielo;failed;2021-08-06 09:47:12-0300                                                                                                                                                                                                                             
Validar Alteracao de Taxa e Prazo;taxas-e-recebimento;Validar alteracao na taxa de remuneracao e prazo de liquidacao para Visa Credito A Vista no STAR, SEC e no SITAnd Cielo;failed;2021-08-06 09:47:12-0300                                                                                                                                                                                                                            
Validar Alteracao de Taxa e Prazo;taxas-e-recebimento;Validar alteracao na taxa de remuneracao e prazo de liquidacao para Visa Credito A Vista no STAR, SEC e no SITAnd Cielo;failed;2021-08-06 09:47:12-0300                                                                                                                                                                                                                           
Validar Alteracao de Taxa e Prazo;taxas-e-recebimento;Validar alteracao na taxa de remuneracao e prazo de liquidacao para Visa Debito A Vista no STAR, SEC e no SITAnd Cielo;failed;2021-08-06 09:49:13-0300                                                                                                                                                                                                                          
Validar Alteracao de Taxa e Prazo;taxas-e-recebimento;Validar alteracao na taxa de remuneracao e prazo de liquidacao para Visa Debito A Vista no STAR, SEC e no SITAnd Cielo;failed;2021-08-06 09:49:13-0300                                                                                                                                                                                                                         
Validar Alteracao de Taxa e Prazo;taxas-e-recebimento;Validar alteracao na taxa de remuneracao e prazo de liquidacao para Visa Debito A Vista no STAR, SEC e no SITAnd Cielo;failed;2021-08-06 09:49:13-0300                                                                                                                                                                                                                        
Validar Alteracao de Taxa e Prazo;taxas-e-recebimento;Validar alteracao na taxa de remuneracao e prazo de liquidacao para Visa Credito Parcelado Loja no STAR, SEC e no SITAnd Cielo;failed;2021-08-06 09:51:49-0300                                                                                                                                                                                                                       
Validar Alteracao de Taxa e Prazo;taxas-e-recebimento;Validar alteracao na taxa de remuneracao e prazo de liquidacao para Visa Credito Parcelado Loja no STAR, SEC e no SITAnd Cielo;failed;2021-08-06 09:51:49-0300                                                                                                                                                                                                                      
Validar Alteracao de Taxa e Prazo;taxas-e-recebimento;Validar alteracao na taxa de remuneracao e prazo de liquidacao para Visa Credito Parcelado Loja no STAR, SEC e no SITAnd Cielo;failed;2021-08-06 09:51:49-0300                                                                                                                                                                                                                     
Validar Alteracao de Taxa e Prazo;taxas-e-recebimento;Validar alteracao na taxa de remuneracao e prazo de liquidacao para Credsystem Credito A Vista no STAR, SEC e no SITAnd Cielo;failed;2021-08-06 09:54:14-0300                                                                                                                                                                                                                    
Validar Alteracao de Taxa e Prazo;taxas-e-recebimento;Validar alteracao na taxa de remuneracao e prazo de liquidacao para Credsystem Credito A Vista no STAR, SEC e no SITAnd Cielo;failed;2021-08-06 09:54:14-0300                                                                                                                                                                                                                   
Validar Alteracao de Taxa e Prazo;taxas-e-recebimento;Validar alteracao na taxa de remuneracao e prazo de liquidacao para Credsystem Credito A Vista no STAR, SEC e no SITAnd Cielo;failed;2021-08-06 09:54:14-0300                                                                                                                                                                                                                  
Validar Alteracao de Taxa e Prazo;taxas-e-recebimento;Validar alteracao na taxa de remuneracao e prazo de liquidacao para Credsystem Credito Parcelado Loja no STAR, SEC e no SITAnd Cielo;failed;2021-08-06 09:56:53-0300                                                                                                                                                                                                                 
Validar Alteracao de Taxa e Prazo;taxas-e-recebimento;Validar alteracao na taxa de remuneracao e prazo de liquidacao para Credsystem Credito Parcelado Loja no STAR, SEC e no SITAnd Cielo;failed;2021-08-06 09:56:53-0300                                                                                                                                                                                                                
Validar Alteracao de Taxa e Prazo;taxas-e-recebimento;Validar alteracao na taxa de remuneracao e prazo de liquidacao para Credsystem Credito Parcelado Loja no STAR, SEC e no SITAnd Cielo;failed;2021-08-06 09:56:53-0300                                                                                                                                                                                                               
Validar Alteracao de Taxa e Prazo;taxas-e-recebimento;Validar alteracao na taxa de remuneracao e prazo de liquidacao para Sorocred Credito A Vista no STAR, SEC e no SITAnd Cielo;failed;2021-08-06 09:59:19-0300                                                                                                                                                                                                              
Validar Alteracao de Taxa e Prazo;taxas-e-recebimento;Validar alteracao na taxa de remuneracao e prazo de liquidacao para Sorocred Credito A Vista no STAR, SEC e no SITAnd Cielo;failed;2021-08-06 09:59:19-0300                                                                                                                                                                                                             
Validar Alteracao de Taxa e Prazo;taxas-e-recebimento;Validar alteracao na taxa de remuneracao e prazo de liquidacao para Sorocred Credito A Vista no STAR, SEC e no SITAnd Cielo;failed;2021-08-06 09:59:19-0300                                                                                                                                                                                                            
Validar Alteracao de Taxa e Prazo;taxas-e-recebimento;Validar alteracao na taxa de remuneracao e prazo de liquidacao para Sorocred Credito Parcelado Loja no STAR, SEC e no SITAnd Cielo;failed;2021-08-06 10:01:55-0300                                                                                                                                                                                                           
Validar Alteracao de Taxa e Prazo;taxas-e-recebimento;Validar alteracao na taxa de remuneracao e prazo de liquidacao para Sorocred Credito Parcelado Loja no STAR, SEC e no SITAnd Cielo;failed;2021-08-06 10:01:55-0300                                                                                                                                                                                                          
Validar Alteracao de Taxa e Prazo;taxas-e-recebimento;Validar alteracao na taxa de remuneracao e prazo de liquidacao para Sorocred Credito Parcelado Loja no STAR, SEC e no SITAnd Cielo;failed;2021-08-06 10:01:55-0300                                                                                                                                                                                                         
Validar Alteracao de Taxa e Prazo;taxas-e-recebimento;Validar alteracao na taxa de remuneracao e prazo de liquidacao para Mastercard Credito A Vista no STAR, SEC e no SITAnd Cielo;failed;2021-08-06 10:04:24-0300                                                                                                                                                                                                        
Validar Alteracao de Taxa e Prazo;taxas-e-recebimento;Validar alteracao na taxa de remuneracao e prazo de liquidacao para Mastercard Credito A Vista no STAR, SEC e no SITAnd Cielo;failed;2021-08-06 10:04:24-0300                                                                                                                                                                                                       
Validar Alteracao de Taxa e Prazo;taxas-e-recebimento;Validar alteracao na taxa de remuneracao e prazo de liquidacao para Mastercard Credito A Vista no STAR, SEC e no SITAnd Cielo;failed;2021-08-06 10:04:24-0300                                                                                                                                                                                                      
Validar Alteracao de Taxa e Prazo;taxas-e-recebimento;Validar alteracao na taxa de remuneracao e prazo de liquidacao para Mastercard Debito A Vista no STAR, SEC e no SITAnd Cielo;failed;2021-08-06 10:06:54-0300                                                                                                                                                                                                     
Validar Alteracao de Taxa e Prazo;taxas-e-recebimento;Validar alteracao na taxa de remuneracao e prazo de liquidacao para Mastercard Debito A Vista no STAR, SEC e no SITAnd Cielo;failed;2021-08-06 10:06:55-0300                                                                                                                                                                                                    
Validar Alteracao de Taxa e Prazo;taxas-e-recebimento;Validar alteracao na taxa de remuneracao e prazo de liquidacao para Mastercard Debito A Vista no STAR, SEC e no SITAnd Cielo;failed;2021-08-06 10:06:55-0300                                                                                                                                                                                                   
Validar Alteracao de Taxa e Prazo;taxas-e-recebimento;Validar alteracao na taxa de remuneracao e prazo de liquidacao para Mastercard Credito Parcelado Loja no STAR, SEC e no SITAnd Cielo;failed;2021-08-06 10:08:48-0300                                                                                                                                                                                                  
Validar Alteracao de Taxa e Prazo;taxas-e-recebimento;Validar alteracao na taxa de remuneracao e prazo de liquidacao para Mastercard Credito Parcelado Loja no STAR, SEC e no SITAnd Cielo;failed;2021-08-06 10:08:48-0300                                                                                                                                                                                                 
Validar Alteracao de Taxa e Prazo;taxas-e-recebimento;Validar alteracao na taxa de remuneracao e prazo de liquidacao para Mastercard Credito Parcelado Loja no STAR, SEC e no SITAnd Cielo;failed;2021-08-06 10:08:48-0300                                                                                                                                                                                                
Validar Alteracao de Taxa e Prazo;taxas-e-recebimento;Validar alteracao na taxa de remuneracao e prazo de liquidacao para Cabal Credito A Vista no STAR, SEC e no SITAnd Cielo;failed;2021-08-06 10:11:17-0300                                                                                                                                                                                               
Validar Alteracao de Taxa e Prazo;taxas-e-recebimento;Validar alteracao na taxa de remuneracao e prazo de liquidacao para Cabal Credito A Vista no STAR, SEC e no SITAnd Cielo;failed;2021-08-06 10:11:18-0300                                                                                                                                                                                              
Validar Alteracao de Taxa e Prazo;taxas-e-recebimento;Validar alteracao na taxa de remuneracao e prazo de liquidacao para Cabal Credito A Vista no STAR, SEC e no SITAnd Cielo;failed;2021-08-06 10:11:18-0300                                                                                                                                                                                             
Validar Alteracao de Taxa e Prazo;taxas-e-recebimento;Validar alteracao na taxa de remuneracao e prazo de liquidacao para Cabal Debito A Vista no STAR, SEC e no SITAnd Cielo;failed;2021-08-06 10:13:46-0300                                                                                                                                                                                            
Validar Alteracao de Taxa e Prazo;taxas-e-recebimento;Validar alteracao na taxa de remuneracao e prazo de liquidacao para Cabal Debito A Vista no STAR, SEC e no SITAnd Cielo;failed;2021-08-06 10:13:46-0300                                                                                                                                                                                           
Validar Alteracao de Taxa e Prazo;taxas-e-recebimento;Validar alteracao na taxa de remuneracao e prazo de liquidacao para Cabal Debito A Vista no STAR, SEC e no SITAnd Cielo;failed;2021-08-06 10:13:46-0300                                                                                                                                                                                          
Validar Alteracao de Taxa e Prazo;taxas-e-recebimento;Validar alteracao na taxa de remuneracao e prazo de liquidacao para Cabal Credito Parcelado Loja no STAR, SEC e no SITAnd Cielo;failed;2021-08-06 10:16:00-0300                                                                                                                                                                                         
Validar Alteracao de Taxa e Prazo;taxas-e-recebimento;Validar alteracao na taxa de remuneracao e prazo de liquidacao para Cabal Credito Parcelado Loja no STAR, SEC e no SITAnd Cielo;failed;2021-08-06 10:16:01-0300                                                                                                                                                                                        
Validar Alteracao de Taxa e Prazo;taxas-e-recebimento;Validar alteracao na taxa de remuneracao e prazo de liquidacao para Cabal Credito Parcelado Loja no STAR, SEC e no SITAnd Cielo;failed;2021-08-06 10:16:01-0300                                                                                                                                                                                       
Validar Alteracao de Taxa e Prazo;taxas-e-recebimento;Validar alteracao na taxa de remuneracao e prazo de liquidacao para Hipercard Credito A Vista no STAR, SEC e no SITAnd Cielo;failed;2021-08-06 10:18:30-0300                                                                                                                                                                                      
Validar Alteracao de Taxa e Prazo;taxas-e-recebimento;Validar alteracao na taxa de remuneracao e prazo de liquidacao para Hipercard Credito A Vista no STAR, SEC e no SITAnd Cielo;failed;2021-08-06 10:18:31-0300                                                                                                                                                                                     
Validar Alteracao de Taxa e Prazo;taxas-e-recebimento;Validar alteracao na taxa de remuneracao e prazo de liquidacao para Hipercard Credito A Vista no STAR, SEC e no SITAnd Cielo;failed;2021-08-06 10:18:31-0300                                                                                                                                                                                    
Validar Alteracao de Taxa e Prazo;taxas-e-recebimento;Validar alteracao na taxa de remuneracao e prazo de liquidacao para Hipercard Credito Parcelado Loja no STAR, SEC e no SITAnd Cielo;failed;2021-08-06 10:21:03-0300                                                                                                                                                                                   
Validar Alteracao de Taxa e Prazo;taxas-e-recebimento;Validar alteracao na taxa de remuneracao e prazo de liquidacao para Hipercard Credito Parcelado Loja no STAR, SEC e no SITAnd Cielo;failed;2021-08-06 10:21:04-0300                                                                                                                                                                                  
Validar Alteracao de Taxa e Prazo;taxas-e-recebimento;Validar alteracao na taxa de remuneracao e prazo de liquidacao para Hipercard Credito Parcelado Loja no STAR, SEC e no SITAnd Cielo;failed;2021-08-06 10:21:04-0300                                                                                                                                                                                 
Validar Alteracao de Taxa e Prazo;taxas-e-recebimento;Validar alteracao na taxa de remuneracao e prazo de liquidacao para Elo Credito A Vista no STAR, SEC e no SITAnd Cielo;failed;2021-08-06 10:22:55-0300                                                                                                                                                                                
Validar Alteracao de Taxa e Prazo;taxas-e-recebimento;Validar alteracao na taxa de remuneracao e prazo de liquidacao para Elo Credito A Vista no STAR, SEC e no SITAnd Cielo;failed;2021-08-06 10:22:55-0300                                                                                                                                                                               
Validar Alteracao de Taxa e Prazo;taxas-e-recebimento;Validar alteracao na taxa de remuneracao e prazo de liquidacao para Elo Credito A Vista no STAR, SEC e no SITAnd Cielo;failed;2021-08-06 10:22:55-0300                                                                                                                                                                              
Validar Alteracao de Taxa e Prazo;taxas-e-recebimento;Validar alteracao na taxa de remuneracao e prazo de liquidacao para Elo Debito A Vista no STAR, SEC e no SITAnd Cielo;failed;2021-08-06 10:25:24-0300                                                                                                                                                                             
Validar Alteracao de Taxa e Prazo;taxas-e-recebimento;Validar alteracao na taxa de remuneracao e prazo de liquidacao para Elo Debito A Vista no STAR, SEC e no SITAnd Cielo;failed;2021-08-06 10:25:24-0300                                                                                                                                                                            
Validar Alteracao de Taxa e Prazo;taxas-e-recebimento;Validar alteracao na taxa de remuneracao e prazo de liquidacao para Elo Debito A Vista no STAR, SEC e no SITAnd Cielo;failed;2021-08-06 10:25:24-0300                                                                                                                                                                           
Validar Alteracao de Taxa e Prazo;taxas-e-recebimento;Validar alteracao na taxa de remuneracao e prazo de liquidacao para Elo Credito Parcelado Loja no STAR, SEC e no SITAnd Cielo;failed;2021-08-06 10:27:55-0300                                                                                                                                                                          
Validar Alteracao de Taxa e Prazo;taxas-e-recebimento;Validar alteracao na taxa de remuneracao e prazo de liquidacao para Elo Credito Parcelado Loja no STAR, SEC e no SITAnd Cielo;failed;2021-08-06 10:27:55-0300                                                                                                                                                                         
Validar Alteracao de Taxa e Prazo;taxas-e-recebimento;Validar alteracao na taxa de remuneracao e prazo de liquidacao para Elo Credito Parcelado Loja no STAR, SEC e no SITAnd Cielo;failed;2021-08-06 10:27:55-0300                                                                                                                                                                        
Validar Alteracao de Taxa e Prazo;taxas-e-recebimento;Validar alteracao na taxa de remuneracao e prazo de liquidacao para Amex Credito A Vista no STAR, SEC e no SITAnd Cielo;failed;2021-08-06 10:30:25-0300                                                                                                                                                                       
Validar Alteracao de Taxa e Prazo;taxas-e-recebimento;Validar alteracao na taxa de remuneracao e prazo de liquidacao para Amex Credito A Vista no STAR, SEC e no SITAnd Cielo;failed;2021-08-06 10:30:25-0300                                                                                                                                                                      
Validar Alteracao de Taxa e Prazo;taxas-e-recebimento;Validar alteracao na taxa de remuneracao e prazo de liquidacao para Amex Credito A Vista no STAR, SEC e no SITAnd Cielo;failed;2021-08-06 10:30:25-0300                                                                                                                                                                     
Validar Alteracao de Taxa e Prazo;taxas-e-recebimento;Validar alteracao na taxa de remuneracao e prazo de liquidacao para Amex Credito Parcelado Loja no STAR, SEC e no SITAnd Cielo;failed;2021-08-06 10:33:05-0300                                                                                                                                                                    
Validar Alteracao de Taxa e Prazo;taxas-e-recebimento;Validar alteracao na taxa de remuneracao e prazo de liquidacao para Amex Credito Parcelado Loja no STAR, SEC e no SITAnd Cielo;failed;2021-08-06 10:33:06-0300                                                                                                                                                                   
Validar Alteracao de Taxa e Prazo;taxas-e-recebimento;Validar alteracao na taxa de remuneracao e prazo de liquidacao para Amex Credito Parcelado Loja no STAR, SEC e no SITAnd Cielo;failed;2021-08-06 10:33:06-0300                                                                                                                                                                  
Validar Alteracao de Taxa e Prazo;taxas-e-recebimento;Validar alteracao na taxa de remuneracao e prazo de liquidacao para Diners Credito A Vista no STAR, SEC e no SITAnd Cielo;failed;2021-08-06 10:35:35-0300                                                                                                                                                                 
Validar Alteracao de Taxa e Prazo;taxas-e-recebimento;Validar alteracao na taxa de remuneracao e prazo de liquidacao para Diners Credito A Vista no STAR, SEC e no SITAnd Cielo;failed;2021-08-06 10:35:35-0300                                                                                                                                                                
Validar Alteracao de Taxa e Prazo;taxas-e-recebimento;Validar alteracao na taxa de remuneracao e prazo de liquidacao para Diners Credito A Vista no STAR, SEC e no SITAnd Cielo;failed;2021-08-06 10:35:35-0300                                                                                                                                                               
Validar Alteracao de Taxa e Prazo;taxas-e-recebimento;Validar alteracao na taxa de remuneracao e prazo de liquidacao para Diners Credito Parcelado Loja no STAR, SEC e no SITAnd Cielo;failed;2021-08-06 10:38:06-0300                                                                                                                                                              
Validar Alteracao de Taxa e Prazo;taxas-e-recebimento;Validar alteracao na taxa de remuneracao e prazo de liquidacao para Diners Credito Parcelado Loja no STAR, SEC e no SITAnd Cielo;failed;2021-08-06 10:38:06-0300                                                                                                                                                             
Validar Alteracao de Taxa e Prazo;taxas-e-recebimento;Validar alteracao na taxa de remuneracao e prazo de liquidacao para Diners Credito Parcelado Loja no STAR, SEC e no SITAnd Cielo;failed;2021-08-06 10:38:06-0300                                                                                                                                                            
Validar Alteracao de Taxa e Prazo;taxas-e-recebimento;Validar alteracao na taxa de remuneracao e prazo de liquidacao para Banescard Credito A Vista no STAR, SEC e no SITAnd Cielo;failed;2021-08-06 10:40:36-0300                                                                                                                                                           
Validar Alteracao de Taxa e Prazo;taxas-e-recebimento;Validar alteracao na taxa de remuneracao e prazo de liquidacao para Banescard Credito A Vista no STAR, SEC e no SITAnd Cielo;failed;2021-08-06 10:40:36-0300                                                                                                                                                          
Validar Alteracao de Taxa e Prazo;taxas-e-recebimento;Validar alteracao na taxa de remuneracao e prazo de liquidacao para Banescard Credito A Vista no STAR, SEC e no SITAnd Cielo;failed;2021-08-06 10:40:36-0300                                                                                                                                                         
Validar Alteracao de Taxa e Prazo;taxas-e-recebimento;Validar alteracao na taxa de remuneracao e prazo de liquidacao para Banescard Debito A Vista no STAR, SEC e no SITAnd Cielo;failed;2021-08-06 10:43:05-0300                                                                                                                                                        
Validar Alteracao de Taxa e Prazo;taxas-e-recebimento;Validar alteracao na taxa de remuneracao e prazo de liquidacao para Banescard Debito A Vista no STAR, SEC e no SITAnd Cielo;failed;2021-08-06 10:43:06-0300                                                                                                                                                       
Validar Alteracao de Taxa e Prazo;taxas-e-recebimento;Validar alteracao na taxa de remuneracao e prazo de liquidacao para Banescard Debito A Vista no STAR, SEC e no SITAnd Cielo;failed;2021-08-06 10:43:06-0300                                                                                                                                                      
Validar Alteracao de Taxa e Prazo;taxas-e-recebimento;Validar alteracao na taxa de remuneracao e prazo de liquidacao para Banescard Credito Parcelado Loja no STAR, SEC e no SITAnd Cielo;failed;2021-08-06 10:45:39-0300                                                                                                                                                     
Validar Alteracao de Taxa e Prazo;taxas-e-recebimento;Validar alteracao na taxa de remuneracao e prazo de liquidacao para Banescard Credito Parcelado Loja no STAR, SEC e no SITAnd Cielo;failed;2021-08-06 10:45:39-0300                                                                                                                                                    
Validar Alteracao de Taxa e Prazo;taxas-e-recebimento;Validar alteracao na taxa de remuneracao e prazo de liquidacao para Banescard Credito Parcelado Loja no STAR, SEC e no SITAnd Cielo;failed;2021-08-06 10:45:39-0300                                                                                                                                                   
Validar Alteracao de Taxa e Prazo;taxas-e-recebimento;Validar alteracao na taxa de remuneracao e prazo de liquidacao para JCB Credito A Vista no STAR, SEC e no SITAnd Cielo;failed;2021-08-06 10:48:11-0300                                                                                                                                                  
Validar Alteracao de Taxa e Prazo;taxas-e-recebimento;Validar alteracao na taxa de remuneracao e prazo de liquidacao para JCB Credito A Vista no STAR, SEC e no SITAnd Cielo;failed;2021-08-06 10:48:11-0300                                                                                                                                                 
Validar Alteracao de Taxa e Prazo;taxas-e-recebimento;Validar alteracao na taxa de remuneracao e prazo de liquidacao para JCB Credito A Vista no STAR, SEC e no SITAnd Cielo;failed;2021-08-06 10:48:11-0300                                                                                                                                                
Validar Alteracao de Taxa e Prazo;taxas-e-recebimento;Validar alteracao na taxa de remuneracao e prazo de liquidacao para JCB Credito Parcelado Loja no STAR, SEC e no SITAnd Cielo;failed;2021-08-06 10:50:46-0300                                                                                                                                               
Validar Alteracao de Taxa e Prazo;taxas-e-recebimento;Validar alteracao na taxa de remuneracao e prazo de liquidacao para JCB Credito Parcelado Loja no STAR, SEC e no SITAnd Cielo;failed;2021-08-06 10:50:47-0300                                                                                                                                              
Validar Alteracao de Taxa e Prazo;taxas-e-recebimento;Validar alteracao na taxa de remuneracao e prazo de liquidacao para JCB Credito Parcelado Loja no STAR, SEC e no SITAnd Cielo;failed;2021-08-06 10:50:47-0300                                                                                                                                             
Validar Alteracao de Taxa e Prazo;taxas-e-recebimento;Validar alteracao na taxa de remuneracao e prazo de liquidacao para Visa Credito A Vista no STAR, SEC e no SITAnd Cielo;failed;2021-08-09 09:46:57-0300                                                                                                                                           
Validar Alteracao de Taxa e Prazo;taxas-e-recebimento;Validar alteracao na taxa de remuneracao e prazo de liquidacao para Visa Debito A Vista no STAR, SEC e no SITAnd Cielo;failed;2021-08-09 09:49:24-0300                                                                                                                                        
Validar Alteracao de Taxa e Prazo;taxas-e-recebimento;Validar alteracao na taxa de remuneracao e prazo de liquidacao para Visa Credito Parcelado Loja no STAR, SEC e no SITAnd Cielo;failed;2021-08-09 09:51:20-0300                                                                                                                                     
Validar Alteracao de Taxa e Prazo;taxas-e-recebimento;Validar alteracao na taxa de remuneracao e prazo de liquidacao para Credsystem Credito A Vista no STAR, SEC e no SITAnd Cielo;failed;2021-08-09 09:53:46-0300                                                                                                                                  
Validar Alteracao de Taxa e Prazo;taxas-e-recebimento;Validar alteracao na taxa de remuneracao e prazo de liquidacao para Credsystem Credito A Vista no STAR, SEC e no SITAnd Cielo;failed;2021-08-09 09:53:47-0300                                                                                                                                 
Validar Alteracao de Taxa e Prazo;taxas-e-recebimento;Validar alteracao na taxa de remuneracao e prazo de liquidacao para Credsystem Credito Parcelado Loja no STAR, SEC e no SITAnd Cielo;failed;2021-08-09 09:56:27-0300                                                                                                                               
Validar Alteracao de Taxa e Prazo;taxas-e-recebimento;Validar alteracao na taxa de remuneracao e prazo de liquidacao para Credsystem Credito Parcelado Loja no STAR, SEC e no SITAnd Cielo;failed;2021-08-09 09:56:28-0300                                                                                                                              
Validar Alteracao de Taxa e Prazo;taxas-e-recebimento;Validar alteracao na taxa de remuneracao e prazo de liquidacao para Sorocred Credito A Vista no STAR, SEC e no SITAnd Cielo;failed;2021-08-09 09:58:56-0300                                                                                                                            
Validar Alteracao de Taxa e Prazo;taxas-e-recebimento;Validar alteracao na taxa de remuneracao e prazo de liquidacao para Sorocred Credito Parcelado Loja no STAR, SEC e no SITAnd Cielo;failed;2021-08-09 10:01:32-0300                                                                                                                         
Validar Alteracao de Taxa e Prazo;taxas-e-recebimento;Validar alteracao na taxa de remuneracao e prazo de liquidacao para Mastercard Credito A Vista no STAR, SEC e no SITAnd Cielo;failed;2021-08-09 10:04:03-0300                                                                                                                      
Validar Alteracao de Taxa e Prazo;taxas-e-recebimento;Validar alteracao na taxa de remuneracao e prazo de liquidacao para Mastercard Debito A Vista no STAR, SEC e no SITAnd Cielo;failed;2021-08-09 10:06:32-0300                                                                                                                   
Validar Alteracao de Taxa e Prazo;taxas-e-recebimento;Validar alteracao na taxa de remuneracao e prazo de liquidacao para Mastercard Debito A Vista no STAR, SEC e no SITAnd Cielo;failed;2021-08-09 10:06:33-0300                                                                                                                  
Validar Alteracao de Taxa e Prazo;taxas-e-recebimento;Validar alteracao na taxa de remuneracao e prazo de liquidacao para Mastercard Credito Parcelado Loja no STAR, SEC e no SITAnd Cielo;failed;2021-08-09 10:09:10-0300                                                                                                                
Validar Alteracao de Taxa e Prazo;taxas-e-recebimento;Validar alteracao na taxa de remuneracao e prazo de liquidacao para Cabal Credito A Vista no STAR, SEC e no SITAnd Cielo;failed;2021-08-09 10:11:39-0300                                                                                                             
Validar Alteracao de Taxa e Prazo;taxas-e-recebimento;Validar alteracao na taxa de remuneracao e prazo de liquidacao para Cabal Debito A Vista no STAR, SEC e no SITAnd Cielo;failed;2021-08-09 10:14:09-0300                                                                                                          
Validar Alteracao de Taxa e Prazo;taxas-e-recebimento;Validar alteracao na taxa de remuneracao e prazo de liquidacao para Cabal Debito A Vista no STAR, SEC e no SITAnd Cielo;failed;2021-08-09 10:14:10-0300                                                                                                        
Validar Alteracao de Taxa e Prazo;taxas-e-recebimento;Validar alteracao na taxa de remuneracao e prazo de liquidacao para Cabal Credito Parcelado Loja no STAR, SEC e no SITAnd Cielo;failed;2021-08-09 10:16:41-0300                                                                                                       
Validar Alteracao de Taxa e Prazo;taxas-e-recebimento;Validar alteracao na taxa de remuneracao e prazo de liquidacao para Hipercard Credito A Vista no STAR, SEC e no SITAnd Cielo;failed;2021-08-09 10:19:12-0300                                                                                                    
Validar Alteracao de Taxa e Prazo;taxas-e-recebimento;Validar alteracao na taxa de remuneracao e prazo de liquidacao para Hipercard Credito Parcelado Loja no STAR, SEC e no SITAnd Cielo;failed;2021-08-09 10:21:45-0300                                                                                                 
Validar Alteracao de Taxa e Prazo;taxas-e-recebimento;Validar alteracao na taxa de remuneracao e prazo de liquidacao para Hipercard Credito Parcelado Loja no STAR, SEC e no SITAnd Cielo;failed;2021-08-09 10:21:46-0300                                                                                               
Validar Alteracao de Taxa e Prazo;taxas-e-recebimento;Validar alteracao na taxa de remuneracao e prazo de liquidacao para Elo Credito A Vista no STAR, SEC e no SITAnd Cielo;failed;2021-08-09 10:24:21-0300                                                                                              
Validar Alteracao de Taxa e Prazo;taxas-e-recebimento;Validar alteracao na taxa de remuneracao e prazo de liquidacao para Elo Credito A Vista no STAR, SEC e no SITAnd Cielo;failed;2021-08-09 10:24:22-0300                                                                                             
Validar Alteracao de Taxa e Prazo;taxas-e-recebimento;Validar alteracao na taxa de remuneracao e prazo de liquidacao para Elo Debito A Vista no STAR, SEC e no SITAnd Cielo;failed;2021-08-09 10:26:51-0300                                                                                           
Validar Alteracao de Taxa e Prazo;taxas-e-recebimento;Validar alteracao na taxa de remuneracao e prazo de liquidacao para Elo Debito A Vista no STAR, SEC e no SITAnd Cielo;failed;2021-08-09 10:26:52-0300                                                                                          
Validar Alteracao de Taxa e Prazo;taxas-e-recebimento;Validar alteracao na taxa de remuneracao e prazo de liquidacao para Elo Credito Parcelado Loja no STAR, SEC e no SITAnd Cielo;failed;2021-08-09 10:28:43-0300                                                                                        
Validar Alteracao de Taxa e Prazo;taxas-e-recebimento;Validar alteracao na taxa de remuneracao e prazo de liquidacao para Elo Credito Parcelado Loja no STAR, SEC e no SITAnd Cielo;failed;2021-08-09 10:28:44-0300                                                                                       
Validar Alteracao de Taxa e Prazo;taxas-e-recebimento;Validar alteracao na taxa de remuneracao e prazo de liquidacao para Amex Credito A Vista no STAR, SEC e no SITAnd Cielo;failed;2021-08-09 10:31:15-0300                                                                                     
Validar Alteracao de Taxa e Prazo;taxas-e-recebimento;Validar alteracao na taxa de remuneracao e prazo de liquidacao para Amex Credito A Vista no STAR, SEC e no SITAnd Cielo;failed;2021-08-09 10:31:16-0300                                                                                    
Validar Alteracao de Taxa e Prazo;taxas-e-recebimento;Validar alteracao na taxa de remuneracao e prazo de liquidacao para Amex Credito Parcelado Loja no STAR, SEC e no SITAnd Cielo;failed;2021-08-09 10:33:53-0300                                                                                  
Validar Alteracao de Taxa e Prazo;taxas-e-recebimento;Validar alteracao na taxa de remuneracao e prazo de liquidacao para Amex Credito Parcelado Loja no STAR, SEC e no SITAnd Cielo;failed;2021-08-09 10:33:54-0300                                                                                
Validar Alteracao de Taxa e Prazo;taxas-e-recebimento;Validar alteracao na taxa de remuneracao e prazo de liquidacao para Diners Credito A Vista no STAR, SEC e no SITAnd Cielo;failed;2021-08-09 10:36:23-0300                                                                               
Validar Alteracao de Taxa e Prazo;taxas-e-recebimento;Validar alteracao na taxa de remuneracao e prazo de liquidacao para Diners Credito A Vista no STAR, SEC e no SITAnd Cielo;failed;2021-08-09 10:36:24-0300                                                                              
Validar Alteracao de Taxa e Prazo;taxas-e-recebimento;Validar alteracao na taxa de remuneracao e prazo de liquidacao para Diners Credito Parcelado Loja no STAR, SEC e no SITAnd Cielo;failed;2021-08-09 10:38:56-0300                                                                            
Validar Alteracao de Taxa e Prazo;taxas-e-recebimento;Validar alteracao na taxa de remuneracao e prazo de liquidacao para Diners Credito Parcelado Loja no STAR, SEC e no SITAnd Cielo;failed;2021-08-09 10:38:57-0300                                                                           
Validar Alteracao de Taxa e Prazo;taxas-e-recebimento;Validar alteracao na taxa de remuneracao e prazo de liquidacao para Banescard Credito A Vista no STAR, SEC e no SITAnd Cielo;failed;2021-08-09 10:41:27-0300                                                                         
Validar Alteracao de Taxa e Prazo;taxas-e-recebimento;Validar alteracao na taxa de remuneracao e prazo de liquidacao para Banescard Credito A Vista no STAR, SEC e no SITAnd Cielo;failed;2021-08-09 10:41:28-0300                                                                        
Validar Alteracao de Taxa e Prazo;taxas-e-recebimento;Validar alteracao na taxa de remuneracao e prazo de liquidacao para Banescard Debito A Vista no STAR, SEC e no SITAnd Cielo;failed;2021-08-09 10:43:18-0300                                                                      
Validar Alteracao de Taxa e Prazo;taxas-e-recebimento;Validar alteracao na taxa de remuneracao e prazo de liquidacao para Banescard Credito Parcelado Loja no STAR, SEC e no SITAnd Cielo;failed;2021-08-09 10:45:54-0300                                                                   
Validar Alteracao de Taxa e Prazo;taxas-e-recebimento;Validar alteracao na taxa de remuneracao e prazo de liquidacao para JCB Credito A Vista no STAR, SEC e no SITAnd Cielo;failed;2021-08-09 10:47:43-0300                                                                
Validar Alteracao de Taxa e Prazo;taxas-e-recebimento;Validar alteracao na taxa de remuneracao e prazo de liquidacao para JCB Credito Parcelado Loja no STAR, SEC e no SITAnd Cielo;failed;2021-08-09 10:50:31-0300                                                             
Validar Alteracao de Taxa e Prazo;taxas-e-recebimento;Validar alteracao na taxa de remuneracao e prazo de liquidacao para JCB Credito Parcelado Loja no STAR, SEC e no SITAnd Cielo;failed;2021-08-09 10:50:32-0300                                                            
Validar Alteracao de Taxa e Prazo;taxas-e-recebimento;Validar alteracao na taxa de remuneracao e prazo de liquidacao para Visa Credito A Vista no STAR, SEC e no SITAnd Cielo;failed;2021-08-11 09:46:25-0300                                                          
Validar Alteracao de Taxa e Prazo;taxas-e-recebimento;Validar alteracao na taxa de remuneracao e prazo de liquidacao para Visa Debito A Vista no STAR, SEC e no SITAnd Cielo;failed;2021-08-11 09:48:52-0300                                                         
Validar Alteracao de Taxa e Prazo;taxas-e-recebimento;Validar alteracao na taxa de remuneracao e prazo de liquidacao para Visa Credito Parcelado Loja no STAR, SEC e no SITAnd Cielo;failed;2021-08-11 09:51:27-0300                                                        
Validar Alteracao de Taxa e Prazo;taxas-e-recebimento;Validar alteracao na taxa de remuneracao e prazo de liquidacao para Credsystem Credito A Vista no STAR, SEC e no SITAnd Cielo;failed;2021-08-11 09:53:54-0300                                                       
Validar Alteracao de Taxa e Prazo;taxas-e-recebimento;Validar alteracao na taxa de remuneracao e prazo de liquidacao para Credsystem Credito Parcelado Loja no STAR, SEC e no SITAnd Cielo;failed;2021-08-11 09:56:33-0300                                                      
Validar Alteracao de Taxa e Prazo;taxas-e-recebimento;Validar alteracao na taxa de remuneracao e prazo de liquidacao para Sorocred Credito A Vista no STAR, SEC e no SITAnd Cielo;failed;2021-08-11 09:59:00-0300                                                     
Validar Alteracao de Taxa e Prazo;taxas-e-recebimento;Validar alteracao na taxa de remuneracao e prazo de liquidacao para Sorocred Credito Parcelado Loja no STAR, SEC e no SITAnd Cielo;failed;2021-08-11 10:01:36-0300                                                    
Validar Alteracao de Taxa e Prazo;taxas-e-recebimento;Validar alteracao na taxa de remuneracao e prazo de liquidacao para Sorocred Credito Parcelado Loja no STAR, SEC e no SITAnd Cielo;failed;2021-08-11 10:01:37-0300                                                   
Validar Alteracao de Taxa e Prazo;taxas-e-recebimento;Validar alteracao na taxa de remuneracao e prazo de liquidacao para Mastercard Credito A Vista no STAR, SEC e no SITAnd Cielo;failed;2021-08-11 10:04:08-0300                                                 
Validar Alteracao de Taxa e Prazo;taxas-e-recebimento;Validar alteracao na taxa de remuneracao e prazo de liquidacao para Mastercard Credito A Vista no STAR, SEC e no SITAnd Cielo;failed;2021-08-11 10:04:09-0300                                                
Validar Alteracao de Taxa e Prazo;taxas-e-recebimento;Validar alteracao na taxa de remuneracao e prazo de liquidacao para Mastercard Debito A Vista no STAR, SEC e no SITAnd Cielo;failed;2021-08-11 10:06:39-0300                                              
Validar Alteracao de Taxa e Prazo;taxas-e-recebimento;Validar alteracao na taxa de remuneracao e prazo de liquidacao para Mastercard Debito A Vista no STAR, SEC e no SITAnd Cielo;failed;2021-08-11 10:06:40-0300                                             
Validar Alteracao de Taxa e Prazo;taxas-e-recebimento;Validar alteracao na taxa de remuneracao e prazo de liquidacao para Mastercard Credito Parcelado Loja no STAR, SEC e no SITAnd Cielo;failed;2021-08-11 10:09:16-0300                                           
Validar Alteracao de Taxa e Prazo;taxas-e-recebimento;Validar alteracao na taxa de remuneracao e prazo de liquidacao para Mastercard Credito Parcelado Loja no STAR, SEC e no SITAnd Cielo;failed;2021-08-11 10:09:17-0300                                          
Validar Alteracao de Taxa e Prazo;taxas-e-recebimento;Validar alteracao na taxa de remuneracao e prazo de liquidacao para Cabal Credito A Vista no STAR, SEC e no SITAnd Cielo;failed;2021-08-11 10:11:46-0300                                        
Validar Alteracao de Taxa e Prazo;taxas-e-recebimento;Validar alteracao na taxa de remuneracao e prazo de liquidacao para Cabal Credito A Vista no STAR, SEC e no SITAnd Cielo;failed;2021-08-11 10:11:47-0300                                       
Validar Alteracao de Taxa e Prazo;taxas-e-recebimento;Validar alteracao na taxa de remuneracao e prazo de liquidacao para Cabal Debito A Vista no STAR, SEC e no SITAnd Cielo;failed;2021-08-11 10:13:35-0300                                     
Validar Alteracao de Taxa e Prazo;taxas-e-recebimento;Validar alteracao na taxa de remuneracao e prazo de liquidacao para Cabal Debito A Vista no STAR, SEC e no SITAnd Cielo;failed;2021-08-11 10:13:50-0300                                    
Validar Alteracao de Taxa e Prazo;taxas-e-recebimento;Validar alteracao na taxa de remuneracao e prazo de liquidacao para Cabal Credito Parcelado Loja no STAR, SEC e no SITAnd Cielo;failed;2021-08-11 10:16:22-0300                                  
Validar Alteracao de Taxa e Prazo;taxas-e-recebimento;Validar alteracao na taxa de remuneracao e prazo de liquidacao para Hipercard Credito A Vista no STAR, SEC e no SITAnd Cielo;failed;2021-08-11 10:18:52-0300                               
Validar Alteracao de Taxa e Prazo;taxas-e-recebimento;Validar alteracao na taxa de remuneracao e prazo de liquidacao para Hipercard Credito Parcelado Loja no STAR, SEC e no SITAnd Cielo;failed;2021-08-11 10:21:54-0300                              
Validar Alteracao de Taxa e Prazo;taxas-e-recebimento;Validar alteracao na taxa de remuneracao e prazo de liquidacao para Elo Credito A Vista no STAR, SEC e no SITAnd Cielo;failed;2021-08-11 10:24:57-0300                             
Validar Alteracao de Taxa e Prazo;taxas-e-recebimento;Validar alteracao na taxa de remuneracao e prazo de liquidacao para Elo Debito A Vista no STAR, SEC e no SITAnd Cielo;failed;2021-08-11 10:27:58-0300                            
Validar Alteracao de Taxa e Prazo;taxas-e-recebimento;Validar alteracao na taxa de remuneracao e prazo de liquidacao para Elo Credito Parcelado Loja no STAR, SEC e no SITAnd Cielo;failed;2021-08-11 10:30:59-0300                           
Validar Alteracao de Taxa e Prazo;taxas-e-recebimento;Validar alteracao na taxa de remuneracao e prazo de liquidacao para Amex Credito A Vista no STAR, SEC e no SITAnd Cielo;failed;2021-08-11 10:33:58-0300                          
Validar Alteracao de Taxa e Prazo;taxas-e-recebimento;Validar alteracao na taxa de remuneracao e prazo de liquidacao para Amex Credito A Vista no STAR, SEC e no SITAnd Cielo;failed;2021-08-11 10:33:59-0300                         
Validar Alteracao de Taxa e Prazo;taxas-e-recebimento;Validar alteracao na taxa de remuneracao e prazo de liquidacao para Amex Credito Parcelado Loja no STAR, SEC e no SITAnd Cielo;failed;2021-08-11 10:36:34-0300                       
Validar Alteracao de Taxa e Prazo;taxas-e-recebimento;Validar alteracao na taxa de remuneracao e prazo de liquidacao para Amex Credito Parcelado Loja no STAR, SEC e no SITAnd Cielo;failed;2021-08-11 10:36:35-0300                      
Validar Alteracao de Taxa e Prazo;taxas-e-recebimento;Validar alteracao na taxa de remuneracao e prazo de liquidacao para Diners Credito A Vista no STAR, SEC e no SITAnd Cielo;failed;2021-08-11 10:39:04-0300                    
Validar Alteracao de Taxa e Prazo;taxas-e-recebimento;Validar alteracao na taxa de remuneracao e prazo de liquidacao para Diners Credito A Vista no STAR, SEC e no SITAnd Cielo;failed;2021-08-11 10:39:05-0300                   
Validar Alteracao de Taxa e Prazo;taxas-e-recebimento;Validar alteracao na taxa de remuneracao e prazo de liquidacao para Diners Credito Parcelado Loja no STAR, SEC e no SITAnd Cielo;failed;2021-08-11 10:41:38-0300                 
Validar Alteracao de Taxa e Prazo;taxas-e-recebimento;Validar alteracao na taxa de remuneracao e prazo de liquidacao para Banescard Credito A Vista no STAR, SEC e no SITAnd Cielo;failed;2021-08-11 10:44:08-0300              
Validar Alteracao de Taxa e Prazo;taxas-e-recebimento;Validar alteracao na taxa de remuneracao e prazo de liquidacao para Banescard Debito A Vista no STAR, SEC e no SITAnd Cielo;failed;2021-08-11 10:46:38-0300           
Validar Alteracao de Taxa e Prazo;taxas-e-recebimento;Validar alteracao na taxa de remuneracao e prazo de liquidacao para Banescard Debito A Vista no STAR, SEC e no SITAnd Cielo;failed;2021-08-11 10:46:39-0300          
Validar Alteracao de Taxa e Prazo;taxas-e-recebimento;Validar alteracao na taxa de remuneracao e prazo de liquidacao para Banescard Credito Parcelado Loja no STAR, SEC e no SITAnd Cielo;failed;2021-08-11 10:49:13-0300        
Validar Alteracao de Taxa e Prazo;taxas-e-recebimento;Validar alteracao na taxa de remuneracao e prazo de liquidacao para Banescard Credito Parcelado Loja no STAR, SEC e no SITAnd Cielo;failed;2021-08-11 10:49:14-0300       
Validar Alteracao de Taxa e Prazo;taxas-e-recebimento;Validar alteracao na taxa de remuneracao e prazo de liquidacao para JCB Credito A Vista no STAR, SEC e no SITAnd Cielo;failed;2021-08-11 10:51:44-0300     
Validar Alteracao de Taxa e Prazo;taxas-e-recebimento;Validar alteracao na taxa de remuneracao e prazo de liquidacao para JCB Credito Parcelado Loja no STAR, SEC e no SITAnd Cielo;failed;2021-08-11 10:54:19-0300  
Validar Alteracao de Taxa e Prazo;taxas-e-recebimento;Validar alteracao na taxa de remuneracao e prazo de liquidacao para JCB Credito Parcelado Loja no STAR, SEC e no SITAnd Cielo;failed;2021-08-11 10:54:20-0300 
