nome_projeto;featura_nome_teste;id_test;status;data_execucao             
evlCoreCadastro;representante;@000001 Consultar Representante Inexistente na API;passed;2021-08-06 11:37:46-0300            
evlCoreCadastro;representante;@000002  Cadastrar Representante na API;passed;2021-08-06 11:37:47-0300           
evlCoreCadastro;representante;@000003 Consultar Representante Existente na API;passed;2021-08-06 11:37:47-0300         
evlCoreCadastro;representante;@000004  Alterar Representante na API;passed;2021-08-06 11:37:47-0300       
evlCoreCadastro;representante;@000005 Consultar Representante Existente na API;passed;2021-08-06 11:37:47-0300     
evlCoreCadastro;representante;@000006  Deletar Representante na API;passed;2021-08-06 11:37:48-0300   
evlCoreCadastro;representante;@000007 Consultar Representante Inexistente na API;passed;2021-08-06 11:37:48-0300 
