nome_projeto;featura_nome_teste;id_test;status;data_execucao                                                                                                                                                                 
Validar Alteracao de MDR Minimo SEC;validar-alteracao-mdr-minimo---sec;CT.CAD.043.131 - Validar a alteracao de MDR minimo no SEC para Cat. A;failed;2021-08-06 15:02:31-0300                                                                                                                                                                
Validar Alteracao de MDR Minimo SEC;validar-alteracao-mdr-minimo---sec;CT.CAD.043.132 - Validar a alteracao de MDR minimo no SEC para Cat. B;failed;2021-08-06 15:03:16-0300                                                                                                                                                              
Validar Alteracao de MDR Minimo SEC;validar-alteracao-mdr-minimo---sec;CT.CAD.043.133 - Validar a alteracao de MDR minimo no SEC para Cat. C;failed;2021-08-06 15:03:59-0300                                                                                                                                                           
Validar Alteracao de MDR Minimo SEC;validar-alteracao-mdr-minimo---sec;CT.CAD.043.134 - Validar a alteracao de MDR minimo no SEC para Cat. D;failed;2021-08-06 15:04:42-0300                                                                                                                                                        
Validar Alteracao de MDR Minimo SEC;validar-alteracao-mdr-minimo---sec;CT.CAD.043.135 - Validar a alteracao de MDR minimo no SEC para Cat. E;failed;2021-08-06 15:05:25-0300                                                                                                                                                     
Validar Alteracao de MDR Minimo SEC;validar-alteracao-mdr-minimo---sec;CT.CAD.043.136 - Validar a alteracao de MDR minimo no SEC para Cat. F;failed;2021-08-06 15:06:08-0300                                                                                                                                                  
Validar Alteracao de MDR Minimo SEC;validar-alteracao-mdr-minimo---sec;CT.CAD.043.137 - Validar a alteracao de MDR minimo no SEC para Cat. G;failed;2021-08-06 15:06:51-0300                                                                                                                                               
Validar Alteracao de MDR Minimo SEC;validar-alteracao-mdr-minimo---sec;CT.CAD.043.138 - Validar a alteracao de MDR minimo no SEC para Cat. H;failed;2021-08-06 15:07:34-0300                                                                                                                                            
Validar Alteracao de MDR Minimo SEC;validar-alteracao-mdr-minimo---sec;CT.CAD.043.138 - Validar a alteracao de MDR minimo no SEC para Cat. H;failed;2021-08-06 15:07:35-0300                                                                                                                                           
Validar Alteracao de MDR Minimo SEC;validar-alteracao-mdr-minimo---sec;CT.CAD.043.139 - Validar a alteracao de MDR minimo no SEC para Cat. I;failed;2021-08-06 15:08:17-0300                                                                                                                                         
Validar Alteracao de MDR Minimo SEC;validar-alteracao-mdr-minimo---sec;CT.CAD.043.139 - Validar a alteracao de MDR minimo no SEC para Cat. I;failed;2021-08-06 15:08:18-0300                                                                                                                                       
Validar Alteracao de MDR Minimo SEC;validar-alteracao-mdr-minimo---sec;CT.CAD.043.140 - Validar a alteracao de MDR minimo no SEC para Cat. J;failed;2021-08-06 15:09:00-0300                                                                                                                                      
Validar Alteracao de MDR Minimo SEC;validar-alteracao-mdr-minimo---sec;CT.CAD.043.141 - Validar a alteracao de MDR minimo no SEC para Cat. K;failed;2021-08-06 15:09:43-0300                                                                                                                                   
Validar Alteracao de MDR Minimo SEC;validar-alteracao-mdr-minimo---sec;CT.CAD.043.142 - Validar a alteracao de MDR minimo no SEC para Cat. L;failed;2021-08-06 15:10:26-0300                                                                                                                                
Validar Alteracao de MDR Minimo SEC;validar-alteracao-mdr-minimo---sec;CT.CAD.043.143 - Validar a alteracao de MDR minimo no SEC para Cat. M;failed;2021-08-06 15:11:10-0300                                                                                                                             
Validar Alteracao de MDR Minimo SEC;validar-alteracao-mdr-minimo---sec;CT.CAD.043.143 - Validar a alteracao de MDR minimo no SEC para Cat. M;failed;2021-08-06 15:11:11-0300                                                                                                                            
Validar Alteracao de MDR Minimo SEC;validar-alteracao-mdr-minimo---sec;CT.CAD.043.144 - Validar a alteracao de MDR minimo no SEC para Cat. N;failed;2021-08-06 15:11:54-0300                                                                                                                          
Validar Alteracao de MDR Minimo SEC;validar-alteracao-mdr-minimo---sec;CT.CAD.043.145 - Validar a alteracao de MDR minimo no SEC para Cat. O;failed;2021-08-06 15:12:36-0300                                                                                                                       
Validar Alteracao de MDR Minimo SEC;validar-alteracao-mdr-minimo---sec;CT.CAD.043.145 - Validar a alteracao de MDR minimo no SEC para Cat. O;failed;2021-08-06 15:12:37-0300                                                                                                                      
Validar Alteracao de MDR Minimo SEC;validar-alteracao-mdr-minimo---sec;CT.CAD.043.146 - Validar a alteracao de MDR minimo no SEC para Cat. P;failed;2021-08-06 15:13:20-0300                                                                                                                    
Validar Alteracao de MDR Minimo SEC;validar-alteracao-mdr-minimo---sec;CT.CAD.043.147 - Validar a alteracao de MDR minimo no SEC para Cat. Q;failed;2021-08-06 15:14:03-0300                                                                                                                 
Validar Alteracao de MDR Minimo SEC;validar-alteracao-mdr-minimo---sec;CT.CAD.043.148 - Validar a alteracao de MDR minimo no SEC para Cat. R;failed;2021-08-06 15:14:46-0300                                                                                                              
Validar Alteracao de MDR Minimo SEC;validar-alteracao-mdr-minimo---sec;CT.CAD.043.149 - Validar a alteracao de MDR minimo no SEC para Cat. S;failed;2021-08-06 15:15:34-0300                                                                                                           
Validar Alteracao de MDR Minimo SEC;validar-alteracao-mdr-minimo---sec;CT.CAD.043.150 - Validar a alteracao de MDR minimo no SEC para Cat. T;failed;2021-08-06 15:16:17-0300                                                                                                        
Validar Alteracao de MDR Minimo SEC;validar-alteracao-mdr-minimo---sec;CT.CAD.043.151 - Validar a alteracao de MDR minimo no SEC para Cat. U;passed;2021-08-06 15:17:00-0300                                                                                                     
Validar Alteracao de MDR Minimo SEC;validar-alteracao-mdr-minimo---sec;CT.CAD.043.151 - Validar a alteracao de MDR minimo no SEC para Cat. U;passed;2021-08-06 15:17:01-0300                                                                                                   
Validar Alteracao de MDR Minimo SEC;validar-alteracao-mdr-minimo---sec;CT.CAD.043.153 - Validar a alteracao de MDR minimo no SEC para Cat. W;failed;2021-08-06 15:17:43-0300                                                                                                  
Validar Alteracao de MDR Minimo SEC;validar-alteracao-mdr-minimo---sec;CT.CAD.043.154 - Validar a alteracao de MDR minimo no SEC para Cat. X;failed;2021-08-06 15:18:26-0300                                                                                               
Validar Alteracao de MDR Minimo SEC;validar-alteracao-mdr-minimo---sec;CT.CAD.043.155 - Validar a alteracao de MDR minimo no SEC para Cat. Y;failed;2021-08-06 15:19:09-0300                                                                                            
Validar Alteracao de MDR Minimo SEC;validar-alteracao-mdr-minimo---sec;CT.CAD.043.156 - Validar a alteracao de MDR minimo no SEC para Cat. Z;failed;2021-08-06 15:19:51-0300                                                                                         
Validar Alteracao de MDR Minimo SEC;validar-alteracao-mdr-minimo---sec;CT.CAD.043.156 - Validar a alteracao de MDR minimo no SEC para Cat. Z;failed;2021-08-06 15:19:52-0300                                                                                        
Validar Alteracao de MDR Minimo SEC;validar-alteracao-mdr-minimo---sec;CT.CAD.043.243 - Validar a alteracao de MDR minimo no SEC para Cat. 1;failed;2021-08-06 15:20:38-0300                                                                                      
Validar Alteracao de MDR Minimo SEC;validar-alteracao-mdr-minimo---sec;CT.CAD.043.252 - Validar a alteracao de MDR minimo no SEC para Cat. 0;failed;2021-08-06 15:21:19-0300                                                                                   
Validar Alteracao de MDR Minimo SEC;validar-alteracao-mdr-minimo---sec;CT.CAD.043.252 - Validar a alteracao de MDR minimo no SEC para Cat. 0;failed;2021-08-06 15:21:20-0300                                                                                  
Validar Alteracao de MDR Minimo SEC;validar-alteracao-mdr-minimo---sec;CT.CAD.043.131 - Validar a alteracao de MDR minimo no SEC para Cat. A;passed;2021-08-10 15:02:19-0300                                                                                
Validar Alteracao de MDR Minimo SEC;validar-alteracao-mdr-minimo---sec;CT.CAD.043.132 - Validar a alteracao de MDR minimo no SEC para Cat. B;passed;2021-08-10 15:03:02-0300                                                                             
Validar Alteracao de MDR Minimo SEC;validar-alteracao-mdr-minimo---sec;CT.CAD.043.133 - Validar a alteracao de MDR minimo no SEC para Cat. C;passed;2021-08-10 15:03:44-0300                                                                          
Validar Alteracao de MDR Minimo SEC;validar-alteracao-mdr-minimo---sec;CT.CAD.043.134 - Validar a alteracao de MDR minimo no SEC para Cat. D;passed;2021-08-10 15:04:27-0300                                                                       
Validar Alteracao de MDR Minimo SEC;validar-alteracao-mdr-minimo---sec;CT.CAD.043.135 - Validar a alteracao de MDR minimo no SEC para Cat. E;passed;2021-08-10 15:05:09-0300                                                                    
Validar Alteracao de MDR Minimo SEC;validar-alteracao-mdr-minimo---sec;CT.CAD.043.136 - Validar a alteracao de MDR minimo no SEC para Cat. F;passed;2021-08-10 15:05:52-0300                                                                 
Validar Alteracao de MDR Minimo SEC;validar-alteracao-mdr-minimo---sec;CT.CAD.043.137 - Validar a alteracao de MDR minimo no SEC para Cat. G;passed;2021-08-10 15:06:34-0300                                                              
Validar Alteracao de MDR Minimo SEC;validar-alteracao-mdr-minimo---sec;CT.CAD.043.138 - Validar a alteracao de MDR minimo no SEC para Cat. H;passed;2021-08-10 15:07:17-0300                                                           
Validar Alteracao de MDR Minimo SEC;validar-alteracao-mdr-minimo---sec;CT.CAD.043.139 - Validar a alteracao de MDR minimo no SEC para Cat. I;passed;2021-08-10 15:07:59-0300                                                        
Validar Alteracao de MDR Minimo SEC;validar-alteracao-mdr-minimo---sec;CT.CAD.043.140 - Validar a alteracao de MDR minimo no SEC para Cat. J;passed;2021-08-10 15:08:41-0300                                                     
Validar Alteracao de MDR Minimo SEC;validar-alteracao-mdr-minimo---sec;CT.CAD.043.141 - Validar a alteracao de MDR minimo no SEC para Cat. K;passed;2021-08-10 15:09:25-0300                                                  
Validar Alteracao de MDR Minimo SEC;validar-alteracao-mdr-minimo---sec;CT.CAD.043.142 - Validar a alteracao de MDR minimo no SEC para Cat. L;passed;2021-08-10 15:10:08-0300                                               
Validar Alteracao de MDR Minimo SEC;validar-alteracao-mdr-minimo---sec;CT.CAD.043.143 - Validar a alteracao de MDR minimo no SEC para Cat. M;passed;2021-08-10 15:10:50-0300                                            
Validar Alteracao de MDR Minimo SEC;validar-alteracao-mdr-minimo---sec;CT.CAD.043.144 - Validar a alteracao de MDR minimo no SEC para Cat. N;passed;2021-08-10 15:11:32-0300                                         
Validar Alteracao de MDR Minimo SEC;validar-alteracao-mdr-minimo---sec;CT.CAD.043.145 - Validar a alteracao de MDR minimo no SEC para Cat. O;passed;2021-08-10 15:12:15-0300                                      
Validar Alteracao de MDR Minimo SEC;validar-alteracao-mdr-minimo---sec;CT.CAD.043.146 - Validar a alteracao de MDR minimo no SEC para Cat. P;passed;2021-08-10 15:12:58-0300                                   
Validar Alteracao de MDR Minimo SEC;validar-alteracao-mdr-minimo---sec;CT.CAD.043.147 - Validar a alteracao de MDR minimo no SEC para Cat. Q;passed;2021-08-10 15:13:40-0300                                
Validar Alteracao de MDR Minimo SEC;validar-alteracao-mdr-minimo---sec;CT.CAD.043.148 - Validar a alteracao de MDR minimo no SEC para Cat. R;passed;2021-08-10 15:14:23-0300                             
Validar Alteracao de MDR Minimo SEC;validar-alteracao-mdr-minimo---sec;CT.CAD.043.149 - Validar a alteracao de MDR minimo no SEC para Cat. S;passed;2021-08-10 15:15:06-0300                          
Validar Alteracao de MDR Minimo SEC;validar-alteracao-mdr-minimo---sec;CT.CAD.043.150 - Validar a alteracao de MDR minimo no SEC para Cat. T;passed;2021-08-10 15:15:52-0300                       
Validar Alteracao de MDR Minimo SEC;validar-alteracao-mdr-minimo---sec;CT.CAD.043.151 - Validar a alteracao de MDR minimo no SEC para Cat. U;passed;2021-08-10 15:16:34-0300                    
Validar Alteracao de MDR Minimo SEC;validar-alteracao-mdr-minimo---sec;CT.CAD.043.153 - Validar a alteracao de MDR minimo no SEC para Cat. W;passed;2021-08-10 15:17:16-0300                 
Validar Alteracao de MDR Minimo SEC;validar-alteracao-mdr-minimo---sec;CT.CAD.043.154 - Validar a alteracao de MDR minimo no SEC para Cat. X;passed;2021-08-10 15:17:59-0300              
Validar Alteracao de MDR Minimo SEC;validar-alteracao-mdr-minimo---sec;CT.CAD.043.155 - Validar a alteracao de MDR minimo no SEC para Cat. Y;passed;2021-08-10 15:18:42-0300           
Validar Alteracao de MDR Minimo SEC;validar-alteracao-mdr-minimo---sec;CT.CAD.043.156 - Validar a alteracao de MDR minimo no SEC para Cat. Z;passed;2021-08-10 15:19:26-0300        
Validar Alteracao de MDR Minimo SEC;validar-alteracao-mdr-minimo---sec;CT.CAD.043.243 - Validar a alteracao de MDR minimo no SEC para Cat. 1;passed;2021-08-10 15:20:09-0300     
Validar Alteracao de MDR Minimo SEC;validar-alteracao-mdr-minimo---sec;CT.CAD.043.252 - Validar a alteracao de MDR minimo no SEC para Cat. 0;failed;2021-08-10 15:20:49-0300  
Validar Alteracao de MDR Minimo SEC;validar-alteracao-mdr-minimo---sec;CT.CAD.043.252 - Validar a alteracao de MDR minimo no SEC para Cat. 0;failed;2021-08-10 15:20:50-0300 
