nome_projeto;featura_nome_teste;id_test;status;data_execucao                                                           
Amex - Default;calculo-de-mdr;Validar calculo de MDR para EC FULL STAR de uma venda POS Amex Credito a vista;passed;2021-08-05 21:04:23-0300                                                            
Amex - Default;calculo-de-mdr;Validar calculo de MDR para EC FULL STAR de uma venda POS Amex Credito a vista;passed;2021-08-05 21:04:23-0300                                                           
Amex - Default;calculo-de-mdr;Validar calculo de MDR para EC FULL STAR de uma venda POS Amex Credito a vista;passed;2021-08-05 21:04:24-0300                                                          
Amex - Default;calculo-de-mdr;Validar calculo de MDR para EC FULL STAR de uma venda POS Amex Crédito Parcelado Loja;failed;2021-08-05 21:09:05-0300                                                         
Amex - Default;calculo-de-mdr;Validar calculo de MDR para EC FULL STAR de uma venda POS Amex Crédito Parcelado Loja;failed;2021-08-05 21:09:05-0300                                                        
Amex - Default;calculo-de-mdr;Validar calculo de MDR para EC FULL STAR de uma venda POS Amex Crédito Parcelado Loja;failed;2021-08-05 21:09:05-0300                                                       
Amex - Default;calculo-de-mdr;Validar calculo de MDR para EC FULL STAR de uma venda POS Amex Crédito Parcelado Emissor;passed;2021-08-05 21:12:37-0300                                                      
Amex - Default;calculo-de-mdr;Validar calculo de MDR para EC FULL STAR de uma venda POS Amex Crédito Parcelado Emissor;passed;2021-08-05 21:12:37-0300                                                     
Amex - Default;calculo-de-mdr;Validar calculo de MDR para EC FULL STAR de uma venda POS Amex Crédito Parcelado Emissor;passed;2021-08-05 21:12:37-0300                                                    
Amex - Default;calculo-de-mdr;Validar calculo de MDR para EC CONVIVENCIA de uma venda POS Amex Credito a vista;failed;2021-08-05 21:12:51-0300                                                   
Amex - Default;calculo-de-mdr;Validar calculo de MDR para EC CONVIVENCIA de uma venda POS Amex Credito a vista;failed;2021-08-05 21:12:52-0300                                                  
Amex - Default;calculo-de-mdr;Validar calculo de MDR para EC CONVIVENCIA de uma venda POS Amex Credito a vista;failed;2021-08-05 21:12:52-0300                                                 
Amex - Default;calculo-de-mdr;Validar calculo de MDR para EC CONVIVENCIA de uma venda POS Amex Crédito Parcelado Loja;failed;2021-08-05 21:17:33-0300                                                
Amex - Default;calculo-de-mdr;Validar calculo de MDR para EC CONVIVENCIA de uma venda POS Amex Crédito Parcelado Loja;failed;2021-08-05 21:17:34-0300                                               
Amex - Default;calculo-de-mdr;Validar calculo de MDR para EC CONVIVENCIA de uma venda POS Amex Crédito Parcelado Loja;failed;2021-08-05 21:17:34-0300                                              
Amex - Default;calculo-de-mdr;Validar calculo de MDR para EC CONVIVENCIA de uma venda POS Amex Crédito Parcelado Emissor;failed;2021-08-05 21:17:47-0300                                             
Amex - Default;calculo-de-mdr;Validar calculo de MDR para EC CONVIVENCIA de uma venda POS Amex Crédito Parcelado Emissor;failed;2021-08-05 21:17:48-0300                                            
Amex - Default;calculo-de-mdr;Validar calculo de MDR para EC CONVIVENCIA de uma venda POS Amex Crédito Parcelado Emissor;failed;2021-08-05 21:17:48-0300                                           
Amex - Default;calculo-de-mdr;Validar calculo de MDR para EC FULL STAR de uma venda POS Amex Credito a vista;passed;2021-08-06 21:04:27-0300                                         
Amex - Default;calculo-de-mdr;Validar calculo de MDR para EC FULL STAR de uma venda POS Amex Credito a vista;passed;2021-08-06 21:04:28-0300                                       
Amex - Default;calculo-de-mdr;Validar calculo de MDR para EC FULL STAR de uma venda POS Amex Crédito Parcelado Loja;failed;2021-08-06 21:09:09-0300                                      
Amex - Default;calculo-de-mdr;Validar calculo de MDR para EC FULL STAR de uma venda POS Amex Crédito Parcelado Emissor;passed;2021-08-06 21:12:40-0300                                   
Amex - Default;calculo-de-mdr;Validar calculo de MDR para EC CONVIVENCIA de uma venda POS Amex Credito a vista;failed;2021-08-06 21:12:54-0300                                
Amex - Default;calculo-de-mdr;Validar calculo de MDR para EC CONVIVENCIA de uma venda POS Amex Credito a vista;failed;2021-08-06 21:12:55-0300                               
Amex - Default;calculo-de-mdr;Validar calculo de MDR para EC CONVIVENCIA de uma venda POS Amex Crédito Parcelado Loja;failed;2021-08-06 21:17:36-0300                             
Amex - Default;calculo-de-mdr;Validar calculo de MDR para EC CONVIVENCIA de uma venda POS Amex Crédito Parcelado Emissor;failed;2021-08-06 21:17:50-0300                          
Amex - Default;calculo-de-mdr;Validar calculo de MDR para EC CONVIVENCIA de uma venda POS Amex Crédito Parcelado Emissor;failed;2021-08-06 21:17:51-0300                         
Amex - Default;calculo-de-mdr;Validar calculo de MDR para EC FULL STAR de uma venda POS Amex Credito a vista;passed;2021-08-09 21:02:48-0300                       
Amex - Default;calculo-de-mdr;Validar calculo de MDR para EC FULL STAR de uma venda POS Amex Crédito Parcelado Loja;passed;2021-08-09 21:05:11-0300                    
Amex - Default;calculo-de-mdr;Validar calculo de MDR para EC FULL STAR de uma venda POS Amex Crédito Parcelado Emissor;failed;2021-08-09 21:07:28-0300                 
Amex - Default;calculo-de-mdr;Validar calculo de MDR para EC CONVIVENCIA de uma venda POS Amex Credito a vista;failed;2021-08-09 21:07:43-0300              
Amex - Default;calculo-de-mdr;Validar calculo de MDR para EC CONVIVENCIA de uma venda POS Amex Crédito Parcelado Loja;passed;2021-08-09 21:10:07-0300           
Amex - Default;calculo-de-mdr;Validar calculo de MDR para EC CONVIVENCIA de uma venda POS Amex Crédito Parcelado Emissor;failed;2021-08-09 21:10:22-0300        
Amex - Default;calculo-de-mdr;Validar calculo de MDR para EC CONVIVENCIA de uma venda POS Amex Crédito Parcelado Emissor;failed;2021-08-09 21:10:23-0300       
Amex - Default;calculo-de-mdr;Validar calculo de MDR para EC FULL STAR de uma venda POS Amex Credito a vista;passed;2021-08-10 21:02:53-0300     
Amex - Default;calculo-de-mdr;Validar calculo de MDR para EC FULL STAR de uma venda POS Amex Crédito Parcelado Loja;passed;2021-08-10 21:05:15-0300    
Amex - Default;calculo-de-mdr;Validar calculo de MDR para EC FULL STAR de uma venda POS Amex Crédito Parcelado Emissor;failed;2021-08-10 21:07:32-0300   
Amex - Default;calculo-de-mdr;Validar calculo de MDR para EC CONVIVENCIA de uma venda POS Amex Credito a vista;failed;2021-08-10 21:07:45-0300  
Amex - Default;calculo-de-mdr;Validar calculo de MDR para EC CONVIVENCIA de uma venda POS Amex Crédito Parcelado Loja;passed;2021-08-10 21:10:07-0300 
Amex - Default;calculo-de-mdr;Validar calculo de MDR para EC CONVIVENCIA de uma venda POS Amex Crédito Parcelado Emissor;failed;2021-08-10 21:10:22-0300
