nome_projeto;featura_nome_teste;id_test;status;data_execucao           
StarWeb SPO;validar-deploy-star-web;Realizar Validação de Deploy Star Web RJO;failed;2021-08-06 11:17:36-0300          
StarWeb SPO;validar-deploy-star-web;Realizar Validação de Deploy Star Web RJO;failed;2021-08-09 11:17:20-0300        
StarWeb SPO;validar-deploy-star-web;Realizar Validação de Deploy Star Web RJO;failed;2021-08-09 11:17:21-0300       
StarWeb SPO;validar-deploy-star-web;Realizar Validação de Deploy Star Web RJO;failed;2021-08-10 11:17:22-0300     
StarWeb SPO;validar-deploy-star-web;Realizar Validação de Deploy Star Web RJO;failed;2021-08-11 11:17:27-0300  
