nome_projeto;featura_nome_teste;id_test;status;data_execucao                                       
Amex - Receba Rapido;calculo-de-mdr;Validar calculo de MDR para EC FULL STAR de uma venda POS Amex Credito a vista com Receba Rapido;passed;2021-08-05 21:24:12-0300                                        
Amex - Receba Rapido;calculo-de-mdr;Validar calculo de MDR para EC FULL STAR de uma venda POS Amex Credito a vista com Receba Rapido;passed;2021-08-05 21:24:12-0300                                       
Amex - Receba Rapido;calculo-de-mdr;Validar calculo de MDR para EC FULL STAR de uma venda POS Amex Credito a vista com Receba Rapido;passed;2021-08-05 21:24:12-0300                                      
Amex - Receba Rapido;calculo-de-mdr;Validar calculo de MDR para EC FULL STAR de uma venda POS Amex Crédito Parcelado Loja com Receba Rapido;failed;2021-08-05 21:28:53-0300                                     
Amex - Receba Rapido;calculo-de-mdr;Validar calculo de MDR para EC FULL STAR de uma venda POS Amex Crédito Parcelado Loja com Receba Rapido;failed;2021-08-05 21:28:54-0300                                    
Amex - Receba Rapido;calculo-de-mdr;Validar calculo de MDR para EC FULL STAR de uma venda POS Amex Crédito Parcelado Loja com Receba Rapido;failed;2021-08-05 21:28:54-0300                                   
Amex - Receba Rapido;calculo-de-mdr;Validar calculo de MDR para EC CONVIVENCIA de uma venda POS Amex Credito a vista com Receba Rapido;passed;2021-08-05 21:32:24-0300                                  
Amex - Receba Rapido;calculo-de-mdr;Validar calculo de MDR para EC CONVIVENCIA de uma venda POS Amex Credito a vista com Receba Rapido;passed;2021-08-05 21:32:24-0300                                 
Amex - Receba Rapido;calculo-de-mdr;Validar calculo de MDR para EC CONVIVENCIA de uma venda POS Amex Credito a vista com Receba Rapido;passed;2021-08-05 21:32:24-0300                                
Amex - Receba Rapido;calculo-de-mdr;Validar calculo de MDR para EC CONVIVENCIA de uma venda POS Amex Crédito Parcelado Loja com Receba Rapido;failed;2021-08-05 21:37:04-0300                               
Amex - Receba Rapido;calculo-de-mdr;Validar calculo de MDR para EC CONVIVENCIA de uma venda POS Amex Crédito Parcelado Loja com Receba Rapido;failed;2021-08-05 21:37:05-0300                              
Amex - Receba Rapido;calculo-de-mdr;Validar calculo de MDR para EC CONVIVENCIA de uma venda POS Amex Crédito Parcelado Loja com Receba Rapido;failed;2021-08-05 21:37:05-0300                             
Amex - Receba Rapido;calculo-de-mdr;Validar calculo de MDR para EC FULL STAR de uma venda POS Amex Credito a vista com Receba Rapido;passed;2021-08-06 21:24:19-0300                           
Amex - Receba Rapido;calculo-de-mdr;Validar calculo de MDR para EC FULL STAR de uma venda POS Amex Crédito Parcelado Loja com Receba Rapido;failed;2021-08-06 21:28:59-0300                        
Amex - Receba Rapido;calculo-de-mdr;Validar calculo de MDR para EC CONVIVENCIA de uma venda POS Amex Credito a vista com Receba Rapido;passed;2021-08-06 21:32:29-0300                     
Amex - Receba Rapido;calculo-de-mdr;Validar calculo de MDR para EC CONVIVENCIA de uma venda POS Amex Crédito Parcelado Loja com Receba Rapido;failed;2021-08-06 21:37:11-0300                  
Amex - Receba Rapido;calculo-de-mdr;Validar calculo de MDR para EC CONVIVENCIA de uma venda POS Amex Crédito Parcelado Loja com Receba Rapido;failed;2021-08-06 21:37:12-0300                 
Amex - Receba Rapido;calculo-de-mdr;Validar calculo de MDR para EC FULL STAR de uma venda POS Amex Credito a vista com Receba Rapido;passed;2021-08-09 21:22:44-0300               
Amex - Receba Rapido;calculo-de-mdr;Validar calculo de MDR para EC FULL STAR de uma venda POS Amex Credito a vista com Receba Rapido;passed;2021-08-09 21:22:45-0300              
Amex - Receba Rapido;calculo-de-mdr;Validar calculo de MDR para EC FULL STAR de uma venda POS Amex Crédito Parcelado Loja com Receba Rapido;passed;2021-08-09 21:25:07-0300            
Amex - Receba Rapido;calculo-de-mdr;Validar calculo de MDR para EC CONVIVENCIA de uma venda POS Amex Credito a vista com Receba Rapido;passed;2021-08-09 21:27:18-0300         
Amex - Receba Rapido;calculo-de-mdr;Validar calculo de MDR para EC CONVIVENCIA de uma venda POS Amex Crédito Parcelado Loja com Receba Rapido;passed;2021-08-09 21:29:40-0300      
Amex - Receba Rapido;calculo-de-mdr;Validar calculo de MDR para EC FULL STAR de uma venda POS Amex Credito a vista com Receba Rapido;passed;2021-08-10 21:22:47-0300   
Amex - Receba Rapido;calculo-de-mdr;Validar calculo de MDR para EC FULL STAR de uma venda POS Amex Crédito Parcelado Loja com Receba Rapido;passed;2021-08-10 21:25:08-0300  
Amex - Receba Rapido;calculo-de-mdr;Validar calculo de MDR para EC CONVIVENCIA de uma venda POS Amex Credito a vista com Receba Rapido;passed;2021-08-10 21:27:18-0300 
Amex - Receba Rapido;calculo-de-mdr;Validar calculo de MDR para EC CONVIVENCIA de uma venda POS Amex Crédito Parcelado Loja com Receba Rapido;passed;2021-08-10 21:29:39-0300
