nome_projeto;featura_nome_teste;id_test;status;data_execucao                                                                                                                                                                                                                       
Validar Chargeback de Vendas;validar-tratamento-de-chargeback-de-venda;Validar tratamento de 'Chargeback de Venda' no STC com ação de 'Débito ao EC' - Hipercard, Crédito a Vista, POS;failed;2021-08-06 09:00:48-0300                                                                                                                                                                                                                        
Validar Chargeback de Vendas;validar-tratamento-de-chargeback-de-venda;Validar tratamento de 'Chargeback de Venda' no STC com ação de 'Débito ao EC' - Hipercard, Crédito a Vista, POS;failed;2021-08-06 09:00:48-0300                                                                                                                                                                                                                       
Validar Chargeback de Vendas;validar-tratamento-de-chargeback-de-venda;Validar tratamento de 'Chargeback de Venda' no STC com ação de 'Débito ao EC' - Hipercard, Crédito a Vista, POS;failed;2021-08-06 09:00:48-0300                                                                                                                                                                                                                      
Validar Chargeback de Vendas;validar-tratamento-de-chargeback-de-venda;Validar tratamento de 'Chargeback de Venda' no STC com ação de 'Débito ao EC' - Hipercard, Crédito Parcelado Loja, POS;failed;2021-08-06 09:00:49-0300                                                                                                                                                                                                                     
Validar Chargeback de Vendas;validar-tratamento-de-chargeback-de-venda;Validar tratamento de 'Chargeback de Venda' no STC com ação de 'Débito ao EC' - Hipercard, Crédito Parcelado Loja, POS;failed;2021-08-06 09:00:49-0300                                                                                                                                                                                                                    
Validar Chargeback de Vendas;validar-tratamento-de-chargeback-de-venda;Validar tratamento de 'Chargeback de Venda' no STC com ação de 'Débito ao EC' - Hipercard, Crédito Parcelado Loja, POS;failed;2021-08-06 09:00:49-0300                                                                                                                                                                                                                   
Validar Chargeback de Vendas;validar-tratamento-de-chargeback-de-venda;Validar tratamento de 'Chargeback de Venda' no STC com ação de 'Débito ao EC' - Hipercard, Crédito Parcelado Emissor, POS;failed;2021-08-06 09:00:50-0300                                                                                                                                                                                                                  
Validar Chargeback de Vendas;validar-tratamento-de-chargeback-de-venda;Validar tratamento de 'Chargeback de Venda' no STC com ação de 'Débito ao EC' - Hipercard, Crédito Parcelado Emissor, POS;failed;2021-08-06 09:00:50-0300                                                                                                                                                                                                                 
Validar Chargeback de Vendas;validar-tratamento-de-chargeback-de-venda;Validar tratamento de 'Chargeback de Venda' no STC com ação de 'Débito ao EC' - Hipercard, Crédito Parcelado Emissor, POS;failed;2021-08-06 09:00:50-0300                                                                                                                                                                                                                
Validar Chargeback de Vendas;validar-tratamento-de-chargeback-de-venda;Validar tratamento de 'Chargeback de Venda' no STC com ação de 'Débito ao EC' - Amex, Crédito a Vista, POS;failed;2021-08-06 09:00:51-0300                                                                                                                                                                                                               
Validar Chargeback de Vendas;validar-tratamento-de-chargeback-de-venda;Validar tratamento de 'Chargeback de Venda' no STC com ação de 'Débito ao EC' - Amex, Crédito a Vista, POS;failed;2021-08-06 09:00:51-0300                                                                                                                                                                                                              
Validar Chargeback de Vendas;validar-tratamento-de-chargeback-de-venda;Validar tratamento de 'Chargeback de Venda' no STC com ação de 'Débito ao EC' - Amex, Crédito a Vista, POS;failed;2021-08-06 09:00:51-0300                                                                                                                                                                                                             
Validar Chargeback de Vendas;validar-tratamento-de-chargeback-de-venda;Validar tratamento de 'Chargeback de Venda' no STC com ação de 'Débito ao EC' - Amex, Crédito Parcelado Loja, POS;failed;2021-08-06 09:00:51-0300                                                                                                                                                                                                            
Validar Chargeback de Vendas;validar-tratamento-de-chargeback-de-venda;Validar tratamento de 'Chargeback de Venda' no STC com ação de 'Débito ao EC' - Amex, Crédito Parcelado Loja, POS;failed;2021-08-06 09:00:51-0300                                                                                                                                                                                                           
Validar Chargeback de Vendas;validar-tratamento-de-chargeback-de-venda;Validar tratamento de 'Chargeback de Venda' no STC com ação de 'Débito ao EC' - Amex, Crédito Parcelado Loja, POS;failed;2021-08-06 09:00:51-0300                                                                                                                                                                                                          
Validar Chargeback de Vendas;validar-tratamento-de-chargeback-de-venda;Validar tratamento de 'Chargeback de Venda' no STC com ação de 'Débito ao EC' - Amex, Crédito Parcelado Emissor, POS;failed;2021-08-06 09:00:52-0300                                                                                                                                                                                                         
Validar Chargeback de Vendas;validar-tratamento-de-chargeback-de-venda;Validar tratamento de 'Chargeback de Venda' no STC com ação de 'Débito ao EC' - Amex, Crédito Parcelado Emissor, POS;failed;2021-08-06 09:00:52-0300                                                                                                                                                                                                        
Validar Chargeback de Vendas;validar-tratamento-de-chargeback-de-venda;Validar tratamento de 'Chargeback de Venda' no STC com ação de 'Débito ao EC' - Amex, Crédito Parcelado Emissor, POS;failed;2021-08-06 09:00:52-0300                                                                                                                                                                                                       
Validar Chargeback de Vendas;validar-tratamento-de-chargeback-de-venda;Validar tratamento de 'Chargeback de Venda' no STC com ação de 'Débito ao EC' - JCB, Crédito a Vista, POS;failed;2021-08-06 09:00:53-0300                                                                                                                                                                                                      
Validar Chargeback de Vendas;validar-tratamento-de-chargeback-de-venda;Validar tratamento de 'Chargeback de Venda' no STC com ação de 'Débito ao EC' - JCB, Crédito a Vista, POS;failed;2021-08-06 09:00:53-0300                                                                                                                                                                                                     
Validar Chargeback de Vendas;validar-tratamento-de-chargeback-de-venda;Validar tratamento de 'Chargeback de Venda' no STC com ação de 'Débito ao EC' - JCB, Crédito a Vista, POS;failed;2021-08-06 09:00:53-0300                                                                                                                                                                                                    
Validar Chargeback de Vendas;validar-tratamento-de-chargeback-de-venda;Validar tratamento de 'Chargeback de Venda' no STC com ação de 'Débito ao EC' - JCB, Crédito Parcelado Loja, POS;failed;2021-08-06 09:00:54-0300                                                                                                                                                                                                   
Validar Chargeback de Vendas;validar-tratamento-de-chargeback-de-venda;Validar tratamento de 'Chargeback de Venda' no STC com ação de 'Débito ao EC' - JCB, Crédito Parcelado Loja, POS;failed;2021-08-06 09:00:54-0300                                                                                                                                                                                                  
Validar Chargeback de Vendas;validar-tratamento-de-chargeback-de-venda;Validar tratamento de 'Chargeback de Venda' no STC com ação de 'Débito ao EC' - JCB, Crédito Parcelado Loja, POS;failed;2021-08-06 09:00:54-0300                                                                                                                                                                                                 
Validar Chargeback de Vendas;validar-tratamento-de-chargeback-de-venda;Validar tratamento de 'Chargeback de Venda' no STC com ação de 'Débito ao EC' - JCB, Crédito Parcelado Emissor, POS;failed;2021-08-06 09:00:55-0300                                                                                                                                                                                                
Validar Chargeback de Vendas;validar-tratamento-de-chargeback-de-venda;Validar tratamento de 'Chargeback de Venda' no STC com ação de 'Débito ao EC' - JCB, Crédito Parcelado Emissor, POS;failed;2021-08-06 09:00:55-0300                                                                                                                                                                                               
Validar Chargeback de Vendas;validar-tratamento-de-chargeback-de-venda;Validar tratamento de 'Chargeback de Venda' no STC com ação de 'Débito ao EC' - JCB, Crédito Parcelado Emissor, POS;failed;2021-08-06 09:00:55-0300                                                                                                                                                                                              
Validar Chargeback de Vendas;validar-tratamento-de-chargeback-de-venda;Validar tratamento de 'Chargeback de Venda' no STC com ação de 'Débito ao EC' - Hipercard, Crédito a Vista, E-commerce;failed;2021-08-06 09:00:56-0300                                                                                                                                                                                             
Validar Chargeback de Vendas;validar-tratamento-de-chargeback-de-venda;Validar tratamento de 'Chargeback de Venda' no STC com ação de 'Débito ao EC' - Hipercard, Crédito a Vista, E-commerce;failed;2021-08-06 09:00:56-0300                                                                                                                                                                                            
Validar Chargeback de Vendas;validar-tratamento-de-chargeback-de-venda;Validar tratamento de 'Chargeback de Venda' no STC com ação de 'Débito ao EC' - Hipercard, Crédito a Vista, E-commerce;failed;2021-08-06 09:00:56-0300                                                                                                                                                                                           
Validar Chargeback de Vendas;validar-tratamento-de-chargeback-de-venda;Validar tratamento de 'Chargeback de Venda' no STC com ação de 'Débito ao EC' - Hipercard, Crédito Parcelado Loja, E-commerce;failed;2021-08-06 09:00:57-0300                                                                                                                                                                                          
Validar Chargeback de Vendas;validar-tratamento-de-chargeback-de-venda;Validar tratamento de 'Chargeback de Venda' no STC com ação de 'Débito ao EC' - Hipercard, Crédito Parcelado Loja, E-commerce;failed;2021-08-06 09:00:57-0300                                                                                                                                                                                         
Validar Chargeback de Vendas;validar-tratamento-de-chargeback-de-venda;Validar tratamento de 'Chargeback de Venda' no STC com ação de 'Débito ao EC' - Hipercard, Crédito Parcelado Loja, E-commerce;failed;2021-08-06 09:00:57-0300                                                                                                                                                                                        
Validar Chargeback de Vendas;validar-tratamento-de-chargeback-de-venda;Validar tratamento de 'Chargeback de Venda' no STC com ação de 'Débito ao EC' - Hipercard, Crédito Parcelado Emissor, E-commerce;failed;2021-08-06 09:00:58-0300                                                                                                                                                                                       
Validar Chargeback de Vendas;validar-tratamento-de-chargeback-de-venda;Validar tratamento de 'Chargeback de Venda' no STC com ação de 'Débito ao EC' - Hipercard, Crédito Parcelado Emissor, E-commerce;failed;2021-08-06 09:00:58-0300                                                                                                                                                                                      
Validar Chargeback de Vendas;validar-tratamento-de-chargeback-de-venda;Validar tratamento de 'Chargeback de Venda' no STC com ação de 'Débito ao EC' - Hipercard, Crédito Parcelado Emissor, E-commerce;failed;2021-08-06 09:00:58-0300                                                                                                                                                                                     
Validar Chargeback de Vendas;validar-tratamento-de-chargeback-de-venda;Validar tratamento de 'Chargeback de Venda' no STC com ação de 'Débito ao EC' - Amex, Crédito a Vista, E-commerce;failed;2021-08-06 09:00:58-0300                                                                                                                                                                                    
Validar Chargeback de Vendas;validar-tratamento-de-chargeback-de-venda;Validar tratamento de 'Chargeback de Venda' no STC com ação de 'Débito ao EC' - Amex, Crédito a Vista, E-commerce;failed;2021-08-06 09:00:59-0300                                                                                                                                                                                   
Validar Chargeback de Vendas;validar-tratamento-de-chargeback-de-venda;Validar tratamento de 'Chargeback de Venda' no STC com ação de 'Débito ao EC' - Amex, Crédito a Vista, E-commerce;failed;2021-08-06 09:00:59-0300                                                                                                                                                                                  
Validar Chargeback de Vendas;validar-tratamento-de-chargeback-de-venda;Validar tratamento de 'Chargeback de Venda' no STC com ação de 'Débito ao EC' - Amex, Crédito Parcelado Loja, E-commerce;failed;2021-08-06 09:00:59-0300                                                                                                                                                                                 
Validar Chargeback de Vendas;validar-tratamento-de-chargeback-de-venda;Validar tratamento de 'Chargeback de Venda' no STC com ação de 'Débito ao EC' - Amex, Crédito Parcelado Loja, E-commerce;failed;2021-08-06 09:00:59-0300                                                                                                                                                                                
Validar Chargeback de Vendas;validar-tratamento-de-chargeback-de-venda;Validar tratamento de 'Chargeback de Venda' no STC com ação de 'Débito ao EC' - Amex, Crédito Parcelado Loja, E-commerce;failed;2021-08-06 09:00:59-0300                                                                                                                                                                               
Validar Chargeback de Vendas;validar-tratamento-de-chargeback-de-venda;Validar tratamento de 'Chargeback de Venda' no STC com ação de 'Débito ao EC' - Amex, Crédito Parcelado Emissor, E-commerce;failed;2021-08-06 09:01:00-0300                                                                                                                                                                              
Validar Chargeback de Vendas;validar-tratamento-de-chargeback-de-venda;Validar tratamento de 'Chargeback de Venda' no STC com ação de 'Débito ao EC' - Amex, Crédito Parcelado Emissor, E-commerce;failed;2021-08-06 09:01:00-0300                                                                                                                                                                             
Validar Chargeback de Vendas;validar-tratamento-de-chargeback-de-venda;Validar tratamento de 'Chargeback de Venda' no STC com ação de 'Débito ao EC' - Amex, Crédito Parcelado Emissor, E-commerce;failed;2021-08-06 09:01:00-0300                                                                                                                                                                            
Validar Chargeback de Vendas;validar-tratamento-de-chargeback-de-venda;Validar tratamento de 'Chargeback de Venda' no STC com ação de 'Débito ao EC' - JCB, Crédito a Vista, E-commerce;failed;2021-08-06 09:01:01-0300                                                                                                                                                                           
Validar Chargeback de Vendas;validar-tratamento-de-chargeback-de-venda;Validar tratamento de 'Chargeback de Venda' no STC com ação de 'Débito ao EC' - JCB, Crédito a Vista, E-commerce;failed;2021-08-06 09:01:01-0300                                                                                                                                                                          
Validar Chargeback de Vendas;validar-tratamento-de-chargeback-de-venda;Validar tratamento de 'Chargeback de Venda' no STC com ação de 'Débito ao EC' - JCB, Crédito a Vista, E-commerce;failed;2021-08-06 09:01:01-0300                                                                                                                                                                         
Validar Chargeback de Vendas;validar-tratamento-de-chargeback-de-venda;Validar tratamento de 'Chargeback de Venda' no STC com ação de 'Débito ao EC' - JCB, Crédito Parcelado Loja, E-commerce;failed;2021-08-06 09:01:02-0300                                                                                                                                                                        
Validar Chargeback de Vendas;validar-tratamento-de-chargeback-de-venda;Validar tratamento de 'Chargeback de Venda' no STC com ação de 'Débito ao EC' - JCB, Crédito Parcelado Loja, E-commerce;failed;2021-08-06 09:01:02-0300                                                                                                                                                                       
Validar Chargeback de Vendas;validar-tratamento-de-chargeback-de-venda;Validar tratamento de 'Chargeback de Venda' no STC com ação de 'Débito ao EC' - JCB, Crédito Parcelado Loja, E-commerce;failed;2021-08-06 09:01:02-0300                                                                                                                                                                      
Validar Chargeback de Vendas;validar-tratamento-de-chargeback-de-venda;Validar tratamento de 'Chargeback de Venda' no STC com ação de 'Débito ao EC' - JCB, Crédito Parcelado Emissor, E-commerce;failed;2021-08-06 09:01:03-0300                                                                                                                                                                     
Validar Chargeback de Vendas;validar-tratamento-de-chargeback-de-venda;Validar tratamento de 'Chargeback de Venda' no STC com ação de 'Débito ao EC' - JCB, Crédito Parcelado Emissor, E-commerce;failed;2021-08-06 09:01:03-0300                                                                                                                                                                    
Validar Chargeback de Vendas;validar-tratamento-de-chargeback-de-venda;Validar tratamento de 'Chargeback de Venda' no STC com ação de 'Débito ao EC' - JCB, Crédito Parcelado Emissor, E-commerce;failed;2021-08-06 09:01:03-0300                                                                                                                                                                   
Validar Chargeback de Vendas;validar-tratamento-de-chargeback-de-venda;Validar tratamento de 'Chargeback de Venda' no STC com ação de '2ª Apresentação' - Hipercard, Crédito a Vista, POS;failed;2021-08-06 09:01:04-0300                                                                                                                                                                  
Validar Chargeback de Vendas;validar-tratamento-de-chargeback-de-venda;Validar tratamento de 'Chargeback de Venda' no STC com ação de '2ª Apresentação' - Hipercard, Crédito a Vista, POS;failed;2021-08-06 09:01:04-0300                                                                                                                                                                 
Validar Chargeback de Vendas;validar-tratamento-de-chargeback-de-venda;Validar tratamento de 'Chargeback de Venda' no STC com ação de '2ª Apresentação' - Hipercard, Crédito a Vista, POS;failed;2021-08-06 09:01:04-0300                                                                                                                                                                
Validar Chargeback de Vendas;validar-tratamento-de-chargeback-de-venda;Validar tratamento de 'Chargeback de Venda' no STC com ação de '2ª Apresentação' - Hipercard, Crédito Parcelado Loja, POS;failed;2021-08-06 09:01:05-0300                                                                                                                                                               
Validar Chargeback de Vendas;validar-tratamento-de-chargeback-de-venda;Validar tratamento de 'Chargeback de Venda' no STC com ação de '2ª Apresentação' - Hipercard, Crédito Parcelado Loja, POS;failed;2021-08-06 09:01:05-0300                                                                                                                                                              
Validar Chargeback de Vendas;validar-tratamento-de-chargeback-de-venda;Validar tratamento de 'Chargeback de Venda' no STC com ação de '2ª Apresentação' - Hipercard, Crédito Parcelado Loja, POS;failed;2021-08-06 09:01:05-0300                                                                                                                                                             
Validar Chargeback de Vendas;validar-tratamento-de-chargeback-de-venda;Validar tratamento de 'Chargeback de Venda' no STC com ação de '2ª Apresentação' - Hipercard, Crédito Parcelado Emissor, POS;failed;2021-08-06 09:01:06-0300                                                                                                                                                            
Validar Chargeback de Vendas;validar-tratamento-de-chargeback-de-venda;Validar tratamento de 'Chargeback de Venda' no STC com ação de '2ª Apresentação' - Hipercard, Crédito Parcelado Emissor, POS;failed;2021-08-06 09:01:06-0300                                                                                                                                                           
Validar Chargeback de Vendas;validar-tratamento-de-chargeback-de-venda;Validar tratamento de 'Chargeback de Venda' no STC com ação de '2ª Apresentação' - Hipercard, Crédito Parcelado Emissor, POS;failed;2021-08-06 09:01:06-0300                                                                                                                                                          
Validar Chargeback de Vendas;validar-tratamento-de-chargeback-de-venda;Validar tratamento de 'Chargeback de Venda' no STC com ação de '2ª Apresentação' - Amex, Crédito a Vista, POS;passed;2021-08-06 09:01:07-0300                                                                                                                                                         
Validar Chargeback de Vendas;validar-tratamento-de-chargeback-de-venda;Validar tratamento de 'Chargeback de Venda' no STC com ação de '2ª Apresentação' - Amex, Crédito a Vista, POS;passed;2021-08-06 09:01:07-0300                                                                                                                                                        
Validar Chargeback de Vendas;validar-tratamento-de-chargeback-de-venda;Validar tratamento de 'Chargeback de Venda' no STC com ação de '2ª Apresentação' - Amex, Crédito a Vista, POS;passed;2021-08-06 09:01:07-0300                                                                                                                                                       
Validar Chargeback de Vendas;validar-tratamento-de-chargeback-de-venda;Validar tratamento de 'Chargeback de Venda' no STC com ação de '2ª Apresentação' - Amex, Crédito Parcelado Loja, POS;passed;2021-08-06 09:01:08-0300                                                                                                                                                      
Validar Chargeback de Vendas;validar-tratamento-de-chargeback-de-venda;Validar tratamento de 'Chargeback de Venda' no STC com ação de '2ª Apresentação' - Amex, Crédito Parcelado Loja, POS;passed;2021-08-06 09:01:08-0300                                                                                                                                                     
Validar Chargeback de Vendas;validar-tratamento-de-chargeback-de-venda;Validar tratamento de 'Chargeback de Venda' no STC com ação de '2ª Apresentação' - Amex, Crédito Parcelado Loja, POS;passed;2021-08-06 09:01:08-0300                                                                                                                                                    
Validar Chargeback de Vendas;validar-tratamento-de-chargeback-de-venda;Validar tratamento de 'Chargeback de Venda' no STC com ação de '2ª Apresentação' - Amex, Crédito Parcelado Emissor, POS;failed;2021-08-06 09:01:09-0300                                                                                                                                                   
Validar Chargeback de Vendas;validar-tratamento-de-chargeback-de-venda;Validar tratamento de 'Chargeback de Venda' no STC com ação de '2ª Apresentação' - Amex, Crédito Parcelado Emissor, POS;failed;2021-08-06 09:01:09-0300                                                                                                                                                  
Validar Chargeback de Vendas;validar-tratamento-de-chargeback-de-venda;Validar tratamento de 'Chargeback de Venda' no STC com ação de '2ª Apresentação' - Amex, Crédito Parcelado Emissor, POS;failed;2021-08-06 09:01:09-0300                                                                                                                                                 
Validar Chargeback de Vendas;validar-tratamento-de-chargeback-de-venda;Validar tratamento de 'Chargeback de Venda' no STC com ação de '2ª Apresentação' - JCB, Crédito a Vista, POS;failed;2021-08-06 09:01:10-0300                                                                                                                                                
Validar Chargeback de Vendas;validar-tratamento-de-chargeback-de-venda;Validar tratamento de 'Chargeback de Venda' no STC com ação de '2ª Apresentação' - JCB, Crédito a Vista, POS;failed;2021-08-06 09:01:10-0300                                                                                                                                               
Validar Chargeback de Vendas;validar-tratamento-de-chargeback-de-venda;Validar tratamento de 'Chargeback de Venda' no STC com ação de '2ª Apresentação' - JCB, Crédito a Vista, POS;failed;2021-08-06 09:01:10-0300                                                                                                                                              
Validar Chargeback de Vendas;validar-tratamento-de-chargeback-de-venda;Validar tratamento de 'Chargeback de Venda' no STC com ação de '2ª Apresentação' - JCB, Crédito Parcelado Loja, POS;failed;2021-08-06 09:01:11-0300                                                                                                                                             
Validar Chargeback de Vendas;validar-tratamento-de-chargeback-de-venda;Validar tratamento de 'Chargeback de Venda' no STC com ação de '2ª Apresentação' - JCB, Crédito Parcelado Loja, POS;failed;2021-08-06 09:01:11-0300                                                                                                                                            
Validar Chargeback de Vendas;validar-tratamento-de-chargeback-de-venda;Validar tratamento de 'Chargeback de Venda' no STC com ação de '2ª Apresentação' - JCB, Crédito Parcelado Loja, POS;failed;2021-08-06 09:01:11-0300                                                                                                                                           
Validar Chargeback de Vendas;validar-tratamento-de-chargeback-de-venda;Validar tratamento de 'Chargeback de Venda' no STC com ação de '2ª Apresentação' - JCB, Crédito Parcelado Emissor, POS;failed;2021-08-06 09:01:12-0300                                                                                                                                          
Validar Chargeback de Vendas;validar-tratamento-de-chargeback-de-venda;Validar tratamento de 'Chargeback de Venda' no STC com ação de '2ª Apresentação' - JCB, Crédito Parcelado Emissor, POS;failed;2021-08-06 09:01:12-0300                                                                                                                                         
Validar Chargeback de Vendas;validar-tratamento-de-chargeback-de-venda;Validar tratamento de 'Chargeback de Venda' no STC com ação de '2ª Apresentação' - JCB, Crédito Parcelado Emissor, POS;failed;2021-08-06 09:01:12-0300                                                                                                                                        
Validar Chargeback de Vendas;validar-tratamento-de-chargeback-de-venda;Validar tratamento de 'Chargeback de Venda' no STC com ação de '2ª Apresentação' - Hipercard, Crédito a Vista, E-commerce;failed;2021-08-06 09:01:13-0300                                                                                                                                       
Validar Chargeback de Vendas;validar-tratamento-de-chargeback-de-venda;Validar tratamento de 'Chargeback de Venda' no STC com ação de '2ª Apresentação' - Hipercard, Crédito a Vista, E-commerce;failed;2021-08-06 09:01:13-0300                                                                                                                                      
Validar Chargeback de Vendas;validar-tratamento-de-chargeback-de-venda;Validar tratamento de 'Chargeback de Venda' no STC com ação de '2ª Apresentação' - Hipercard, Crédito a Vista, E-commerce;failed;2021-08-06 09:01:13-0300                                                                                                                                     
Validar Chargeback de Vendas;validar-tratamento-de-chargeback-de-venda;Validar tratamento de 'Chargeback de Venda' no STC com ação de '2ª Apresentação' - Hipercard, Crédito Parcelado Loja, E-commerce;failed;2021-08-06 09:01:13-0300                                                                                                                                    
Validar Chargeback de Vendas;validar-tratamento-de-chargeback-de-venda;Validar tratamento de 'Chargeback de Venda' no STC com ação de '2ª Apresentação' - Hipercard, Crédito Parcelado Loja, E-commerce;failed;2021-08-06 09:01:13-0300                                                                                                                                   
Validar Chargeback de Vendas;validar-tratamento-de-chargeback-de-venda;Validar tratamento de 'Chargeback de Venda' no STC com ação de '2ª Apresentação' - Hipercard, Crédito Parcelado Loja, E-commerce;failed;2021-08-06 09:01:13-0300                                                                                                                                  
Validar Chargeback de Vendas;validar-tratamento-de-chargeback-de-venda;Validar tratamento de 'Chargeback de Venda' no STC com ação de '2ª Apresentação' - Hipercard, Crédito Parcelado Emissor, E-commerce;failed;2021-08-06 09:01:14-0300                                                                                                                                 
Validar Chargeback de Vendas;validar-tratamento-de-chargeback-de-venda;Validar tratamento de 'Chargeback de Venda' no STC com ação de '2ª Apresentação' - Hipercard, Crédito Parcelado Emissor, E-commerce;failed;2021-08-06 09:01:14-0300                                                                                                                                
Validar Chargeback de Vendas;validar-tratamento-de-chargeback-de-venda;Validar tratamento de 'Chargeback de Venda' no STC com ação de '2ª Apresentação' - Hipercard, Crédito Parcelado Emissor, E-commerce;failed;2021-08-06 09:01:14-0300                                                                                                                               
Validar Chargeback de Vendas;validar-tratamento-de-chargeback-de-venda;Validar tratamento de 'Chargeback de Venda' no STC com ação de '2ª Apresentação' - Amex, Crédito a Vista, E-commerce;failed;2021-08-06 09:01:15-0300                                                                                                                              
Validar Chargeback de Vendas;validar-tratamento-de-chargeback-de-venda;Validar tratamento de 'Chargeback de Venda' no STC com ação de '2ª Apresentação' - Amex, Crédito a Vista, E-commerce;failed;2021-08-06 09:01:15-0300                                                                                                                             
Validar Chargeback de Vendas;validar-tratamento-de-chargeback-de-venda;Validar tratamento de 'Chargeback de Venda' no STC com ação de '2ª Apresentação' - Amex, Crédito a Vista, E-commerce;failed;2021-08-06 09:01:15-0300                                                                                                                            
Validar Chargeback de Vendas;validar-tratamento-de-chargeback-de-venda;Validar tratamento de 'Chargeback de Venda' no STC com ação de '2ª Apresentação' - Amex, Crédito Parcelado Loja, E-commerce;failed;2021-08-06 09:01:16-0300                                                                                                                           
Validar Chargeback de Vendas;validar-tratamento-de-chargeback-de-venda;Validar tratamento de 'Chargeback de Venda' no STC com ação de '2ª Apresentação' - Amex, Crédito Parcelado Loja, E-commerce;failed;2021-08-06 09:01:16-0300                                                                                                                          
Validar Chargeback de Vendas;validar-tratamento-de-chargeback-de-venda;Validar tratamento de 'Chargeback de Venda' no STC com ação de '2ª Apresentação' - Amex, Crédito Parcelado Loja, E-commerce;failed;2021-08-06 09:01:16-0300                                                                                                                         
Validar Chargeback de Vendas;validar-tratamento-de-chargeback-de-venda;Validar tratamento de 'Chargeback de Venda' no STC com ação de '2ª Apresentação' - Amex, Crédito Parcelado Emissor, E-commerce;failed;2021-08-06 09:01:17-0300                                                                                                                        
Validar Chargeback de Vendas;validar-tratamento-de-chargeback-de-venda;Validar tratamento de 'Chargeback de Venda' no STC com ação de '2ª Apresentação' - Amex, Crédito Parcelado Emissor, E-commerce;failed;2021-08-06 09:01:17-0300                                                                                                                       
Validar Chargeback de Vendas;validar-tratamento-de-chargeback-de-venda;Validar tratamento de 'Chargeback de Venda' no STC com ação de '2ª Apresentação' - Amex, Crédito Parcelado Emissor, E-commerce;failed;2021-08-06 09:01:17-0300                                                                                                                      
Validar Chargeback de Vendas;validar-tratamento-de-chargeback-de-venda;Validar tratamento de 'Chargeback de Venda' no STC com ação de '2ª Apresentação' - JCB, Crédito a Vista, E-commerce;failed;2021-08-06 09:01:18-0300                                                                                                                     
Validar Chargeback de Vendas;validar-tratamento-de-chargeback-de-venda;Validar tratamento de 'Chargeback de Venda' no STC com ação de '2ª Apresentação' - JCB, Crédito a Vista, E-commerce;failed;2021-08-06 09:01:18-0300                                                                                                                    
Validar Chargeback de Vendas;validar-tratamento-de-chargeback-de-venda;Validar tratamento de 'Chargeback de Venda' no STC com ação de '2ª Apresentação' - JCB, Crédito a Vista, E-commerce;failed;2021-08-06 09:01:18-0300                                                                                                                   
Validar Chargeback de Vendas;validar-tratamento-de-chargeback-de-venda;Validar tratamento de 'Chargeback de Venda' no STC com ação de '2ª Apresentação' - JCB, Crédito Parcelado Loja, E-commerce;failed;2021-08-06 09:01:19-0300                                                                                                                  
Validar Chargeback de Vendas;validar-tratamento-de-chargeback-de-venda;Validar tratamento de 'Chargeback de Venda' no STC com ação de '2ª Apresentação' - JCB, Crédito Parcelado Loja, E-commerce;failed;2021-08-06 09:01:19-0300                                                                                                                 
Validar Chargeback de Vendas;validar-tratamento-de-chargeback-de-venda;Validar tratamento de 'Chargeback de Venda' no STC com ação de '2ª Apresentação' - JCB, Crédito Parcelado Loja, E-commerce;failed;2021-08-06 09:01:19-0300                                                                                                                
Validar Chargeback de Vendas;validar-tratamento-de-chargeback-de-venda;Validar tratamento de 'Chargeback de Venda' no STC com ação de '2ª Apresentação' - JCB, Crédito Parcelado Emissor, E-commerce;failed;2021-08-06 09:01:20-0300                                                                                                               
Validar Chargeback de Vendas;validar-tratamento-de-chargeback-de-venda;Validar tratamento de 'Chargeback de Venda' no STC com ação de '2ª Apresentação' - JCB, Crédito Parcelado Emissor, E-commerce;failed;2021-08-06 09:01:20-0300                                                                                                              
Validar Chargeback de Vendas;validar-tratamento-de-chargeback-de-venda;Validar tratamento de 'Chargeback de Venda' no STC com ação de '2ª Apresentação' - JCB, Crédito Parcelado Emissor, E-commerce;failed;2021-08-06 09:01:20-0300                                                                                                             
Validar Chargeback de Vendas;validar-tratamento-de-chargeback-de-venda;Validar tratamento de 'Chargeback de Venda' no STC com ação de 'Prejuízo' - Hipercard, Crédito a Vista, POS;failed;2021-08-06 09:01:21-0300                                                                                                            
Validar Chargeback de Vendas;validar-tratamento-de-chargeback-de-venda;Validar tratamento de 'Chargeback de Venda' no STC com ação de 'Prejuízo' - Hipercard, Crédito a Vista, POS;failed;2021-08-06 09:01:21-0300                                                                                                           
Validar Chargeback de Vendas;validar-tratamento-de-chargeback-de-venda;Validar tratamento de 'Chargeback de Venda' no STC com ação de 'Prejuízo' - Hipercard, Crédito a Vista, POS;failed;2021-08-06 09:01:21-0300                                                                                                          
Validar Chargeback de Vendas;validar-tratamento-de-chargeback-de-venda;Validar tratamento de 'Chargeback de Venda' no STC com ação de 'Prejuízo' - Hipercard, Crédito Parcelado Loja, POS;failed;2021-08-06 09:01:22-0300                                                                                                         
Validar Chargeback de Vendas;validar-tratamento-de-chargeback-de-venda;Validar tratamento de 'Chargeback de Venda' no STC com ação de 'Prejuízo' - Hipercard, Crédito Parcelado Loja, POS;failed;2021-08-06 09:01:22-0300                                                                                                        
Validar Chargeback de Vendas;validar-tratamento-de-chargeback-de-venda;Validar tratamento de 'Chargeback de Venda' no STC com ação de 'Prejuízo' - Hipercard, Crédito Parcelado Loja, POS;failed;2021-08-06 09:01:22-0300                                                                                                       
Validar Chargeback de Vendas;validar-tratamento-de-chargeback-de-venda;Validar tratamento de 'Chargeback de Venda' no STC com ação de 'Prejuízo' - Hipercard, Crédito Parcelado Emissor, POS;failed;2021-08-06 09:01:23-0300                                                                                                      
Validar Chargeback de Vendas;validar-tratamento-de-chargeback-de-venda;Validar tratamento de 'Chargeback de Venda' no STC com ação de 'Prejuízo' - Hipercard, Crédito Parcelado Emissor, POS;failed;2021-08-06 09:01:23-0300                                                                                                     
Validar Chargeback de Vendas;validar-tratamento-de-chargeback-de-venda;Validar tratamento de 'Chargeback de Venda' no STC com ação de 'Prejuízo' - Hipercard, Crédito Parcelado Emissor, POS;failed;2021-08-06 09:01:23-0300                                                                                                    
Validar Chargeback de Vendas;validar-tratamento-de-chargeback-de-venda;Validar tratamento de 'Chargeback de Venda' no STC com ação de 'Prejuízo' - Amex, Crédito a Vista, POS;passed;2021-08-06 09:01:25-0300                                                                                                   
Validar Chargeback de Vendas;validar-tratamento-de-chargeback-de-venda;Validar tratamento de 'Chargeback de Venda' no STC com ação de 'Prejuízo' - Amex, Crédito a Vista, POS;passed;2021-08-06 09:01:25-0300                                                                                                  
Validar Chargeback de Vendas;validar-tratamento-de-chargeback-de-venda;Validar tratamento de 'Chargeback de Venda' no STC com ação de 'Prejuízo' - Amex, Crédito a Vista, POS;passed;2021-08-06 09:01:25-0300                                                                                                 
Validar Chargeback de Vendas;validar-tratamento-de-chargeback-de-venda;Validar tratamento de 'Chargeback de Venda' no STC com ação de 'Prejuízo' - Amex, Crédito Parcelado Loja, POS;failed;2021-08-06 09:01:26-0300                                                                                                
Validar Chargeback de Vendas;validar-tratamento-de-chargeback-de-venda;Validar tratamento de 'Chargeback de Venda' no STC com ação de 'Prejuízo' - Amex, Crédito Parcelado Loja, POS;failed;2021-08-06 09:01:26-0300                                                                                               
Validar Chargeback de Vendas;validar-tratamento-de-chargeback-de-venda;Validar tratamento de 'Chargeback de Venda' no STC com ação de 'Prejuízo' - Amex, Crédito Parcelado Loja, POS;failed;2021-08-06 09:01:26-0300                                                                                              
Validar Chargeback de Vendas;validar-tratamento-de-chargeback-de-venda;Validar tratamento de 'Chargeback de Venda' no STC com ação de 'Prejuízo' - Amex, Crédito Parcelado Emissor, POS;failed;2021-08-06 09:01:27-0300                                                                                             
Validar Chargeback de Vendas;validar-tratamento-de-chargeback-de-venda;Validar tratamento de 'Chargeback de Venda' no STC com ação de 'Prejuízo' - Amex, Crédito Parcelado Emissor, POS;failed;2021-08-06 09:01:27-0300                                                                                            
Validar Chargeback de Vendas;validar-tratamento-de-chargeback-de-venda;Validar tratamento de 'Chargeback de Venda' no STC com ação de 'Prejuízo' - Amex, Crédito Parcelado Emissor, POS;failed;2021-08-06 09:01:27-0300                                                                                           
Validar Chargeback de Vendas;validar-tratamento-de-chargeback-de-venda;Validar tratamento de 'Chargeback de Venda' no STC com ação de 'Prejuízo' - JCB, Crédito a Vista, POS;failed;2021-08-06 09:01:27-0300                                                                                          
Validar Chargeback de Vendas;validar-tratamento-de-chargeback-de-venda;Validar tratamento de 'Chargeback de Venda' no STC com ação de 'Prejuízo' - JCB, Crédito a Vista, POS;failed;2021-08-06 09:01:27-0300                                                                                         
Validar Chargeback de Vendas;validar-tratamento-de-chargeback-de-venda;Validar tratamento de 'Chargeback de Venda' no STC com ação de 'Prejuízo' - JCB, Crédito a Vista, POS;failed;2021-08-06 09:01:27-0300                                                                                        
Validar Chargeback de Vendas;validar-tratamento-de-chargeback-de-venda;Validar tratamento de 'Chargeback de Venda' no STC com ação de 'Prejuízo' - JCB, Crédito Parcelado Loja, POS;failed;2021-08-06 09:01:28-0300                                                                                       
Validar Chargeback de Vendas;validar-tratamento-de-chargeback-de-venda;Validar tratamento de 'Chargeback de Venda' no STC com ação de 'Prejuízo' - JCB, Crédito Parcelado Loja, POS;failed;2021-08-06 09:01:28-0300                                                                                      
Validar Chargeback de Vendas;validar-tratamento-de-chargeback-de-venda;Validar tratamento de 'Chargeback de Venda' no STC com ação de 'Prejuízo' - JCB, Crédito Parcelado Loja, POS;failed;2021-08-06 09:01:28-0300                                                                                     
Validar Chargeback de Vendas;validar-tratamento-de-chargeback-de-venda;Validar tratamento de 'Chargeback de Venda' no STC com ação de 'Prejuízo' - JCB, Crédito Parcelado Emissor, POS;failed;2021-08-06 09:01:29-0300                                                                                    
Validar Chargeback de Vendas;validar-tratamento-de-chargeback-de-venda;Validar tratamento de 'Chargeback de Venda' no STC com ação de 'Prejuízo' - JCB, Crédito Parcelado Emissor, POS;failed;2021-08-06 09:01:29-0300                                                                                   
Validar Chargeback de Vendas;validar-tratamento-de-chargeback-de-venda;Validar tratamento de 'Chargeback de Venda' no STC com ação de 'Prejuízo' - JCB, Crédito Parcelado Emissor, POS;failed;2021-08-06 09:01:29-0300                                                                                  
Validar Chargeback de Vendas;validar-tratamento-de-chargeback-de-venda;Validar tratamento de 'Chargeback de Venda' no STC com ação de 'Prejuízo' - Hipercard, Crédito a Vista, E-commerce;failed;2021-08-06 09:01:30-0300                                                                                 
Validar Chargeback de Vendas;validar-tratamento-de-chargeback-de-venda;Validar tratamento de 'Chargeback de Venda' no STC com ação de 'Prejuízo' - Hipercard, Crédito a Vista, E-commerce;failed;2021-08-06 09:01:30-0300                                                                                
Validar Chargeback de Vendas;validar-tratamento-de-chargeback-de-venda;Validar tratamento de 'Chargeback de Venda' no STC com ação de 'Prejuízo' - Hipercard, Crédito a Vista, E-commerce;failed;2021-08-06 09:01:30-0300                                                                               
Validar Chargeback de Vendas;validar-tratamento-de-chargeback-de-venda;Validar tratamento de 'Chargeback de Venda' no STC com ação de 'Prejuízo' - Hipercard, Crédito Parcelado Loja, E-commerce;failed;2021-08-06 09:01:31-0300                                                                              
Validar Chargeback de Vendas;validar-tratamento-de-chargeback-de-venda;Validar tratamento de 'Chargeback de Venda' no STC com ação de 'Prejuízo' - Hipercard, Crédito Parcelado Loja, E-commerce;failed;2021-08-06 09:01:31-0300                                                                             
Validar Chargeback de Vendas;validar-tratamento-de-chargeback-de-venda;Validar tratamento de 'Chargeback de Venda' no STC com ação de 'Prejuízo' - Hipercard, Crédito Parcelado Loja, E-commerce;failed;2021-08-06 09:01:31-0300                                                                            
Validar Chargeback de Vendas;validar-tratamento-de-chargeback-de-venda;Validar tratamento de 'Chargeback de Venda' no STC com ação de 'Prejuízo' - Hipercard, Crédito Parcelado Emissor, E-commerce;failed;2021-08-06 09:01:32-0300                                                                           
Validar Chargeback de Vendas;validar-tratamento-de-chargeback-de-venda;Validar tratamento de 'Chargeback de Venda' no STC com ação de 'Prejuízo' - Hipercard, Crédito Parcelado Emissor, E-commerce;failed;2021-08-06 09:01:32-0300                                                                          
Validar Chargeback de Vendas;validar-tratamento-de-chargeback-de-venda;Validar tratamento de 'Chargeback de Venda' no STC com ação de 'Prejuízo' - Hipercard, Crédito Parcelado Emissor, E-commerce;failed;2021-08-06 09:01:32-0300                                                                         
Validar Chargeback de Vendas;validar-tratamento-de-chargeback-de-venda;Validar tratamento de 'Chargeback de Venda' no STC com ação de 'Prejuízo' - Amex, Crédito a Vista, E-commerce;failed;2021-08-06 09:01:33-0300                                                                        
Validar Chargeback de Vendas;validar-tratamento-de-chargeback-de-venda;Validar tratamento de 'Chargeback de Venda' no STC com ação de 'Prejuízo' - Amex, Crédito a Vista, E-commerce;failed;2021-08-06 09:01:33-0300                                                                       
Validar Chargeback de Vendas;validar-tratamento-de-chargeback-de-venda;Validar tratamento de 'Chargeback de Venda' no STC com ação de 'Prejuízo' - Amex, Crédito a Vista, E-commerce;failed;2021-08-06 09:01:33-0300                                                                      
Validar Chargeback de Vendas;validar-tratamento-de-chargeback-de-venda;Validar tratamento de 'Chargeback de Venda' no STC com ação de 'Prejuízo' - Amex, Crédito Parcelado Loja, E-commerce;failed;2021-08-06 09:01:34-0300                                                                     
Validar Chargeback de Vendas;validar-tratamento-de-chargeback-de-venda;Validar tratamento de 'Chargeback de Venda' no STC com ação de 'Prejuízo' - Amex, Crédito Parcelado Loja, E-commerce;failed;2021-08-06 09:01:34-0300                                                                    
Validar Chargeback de Vendas;validar-tratamento-de-chargeback-de-venda;Validar tratamento de 'Chargeback de Venda' no STC com ação de 'Prejuízo' - Amex, Crédito Parcelado Loja, E-commerce;failed;2021-08-06 09:01:34-0300                                                                   
Validar Chargeback de Vendas;validar-tratamento-de-chargeback-de-venda;Validar tratamento de 'Chargeback de Venda' no STC com ação de 'Prejuízo' - Amex, Crédito Parcelado Emissor, E-commerce;failed;2021-08-06 09:01:35-0300                                                                  
Validar Chargeback de Vendas;validar-tratamento-de-chargeback-de-venda;Validar tratamento de 'Chargeback de Venda' no STC com ação de 'Prejuízo' - Amex, Crédito Parcelado Emissor, E-commerce;failed;2021-08-06 09:01:35-0300                                                                 
Validar Chargeback de Vendas;validar-tratamento-de-chargeback-de-venda;Validar tratamento de 'Chargeback de Venda' no STC com ação de 'Prejuízo' - Amex, Crédito Parcelado Emissor, E-commerce;failed;2021-08-06 09:01:35-0300                                                                
Validar Chargeback de Vendas;validar-tratamento-de-chargeback-de-venda;Validar tratamento de 'Chargeback de Venda' no STC com ação de 'Prejuízo' - JCB, Crédito a Vista, E-commerce;failed;2021-08-06 09:01:36-0300                                                               
Validar Chargeback de Vendas;validar-tratamento-de-chargeback-de-venda;Validar tratamento de 'Chargeback de Venda' no STC com ação de 'Prejuízo' - JCB, Crédito a Vista, E-commerce;failed;2021-08-06 09:01:36-0300                                                              
Validar Chargeback de Vendas;validar-tratamento-de-chargeback-de-venda;Validar tratamento de 'Chargeback de Venda' no STC com ação de 'Prejuízo' - JCB, Crédito a Vista, E-commerce;failed;2021-08-06 09:01:36-0300                                                             
Validar Chargeback de Vendas;validar-tratamento-de-chargeback-de-venda;Validar tratamento de 'Chargeback de Venda' no STC com ação de 'Prejuízo' - JCB, Crédito Parcelado Loja, E-commerce;failed;2021-08-06 09:01:36-0300                                                            
Validar Chargeback de Vendas;validar-tratamento-de-chargeback-de-venda;Validar tratamento de 'Chargeback de Venda' no STC com ação de 'Prejuízo' - JCB, Crédito Parcelado Loja, E-commerce;failed;2021-08-06 09:01:37-0300                                                           
Validar Chargeback de Vendas;validar-tratamento-de-chargeback-de-venda;Validar tratamento de 'Chargeback de Venda' no STC com ação de 'Prejuízo' - JCB, Crédito Parcelado Loja, E-commerce;failed;2021-08-06 09:01:37-0300                                                          
Validar Chargeback de Vendas;validar-tratamento-de-chargeback-de-venda;Validar tratamento de 'Chargeback de Venda' no STC com ação de 'Prejuízo' - JCB, Crédito Parcelado Emissor, E-commerce;failed;2021-08-06 09:01:37-0300                                                         
Validar Chargeback de Vendas;validar-tratamento-de-chargeback-de-venda;Validar tratamento de 'Chargeback de Venda' no STC com ação de 'Prejuízo' - JCB, Crédito Parcelado Emissor, E-commerce;failed;2021-08-06 09:01:37-0300                                                        
Validar Chargeback de Vendas;validar-tratamento-de-chargeback-de-venda;Validar tratamento de 'Chargeback de Venda' no STC com ação de 'Prejuízo' - JCB, Crédito Parcelado Emissor, E-commerce;failed;2021-08-06 09:01:37-0300                                                       
Validar Chargeback de Vendas;validar-tratamento-de-chargeback-de-venda;Validar tratamento de 'Chargeback de Venda' no STC com ação de 'Baixa Interna' - Hipercard, Crédito a Vista, POS;passed;2021-08-06 09:01:39-0300                                                      
Validar Chargeback de Vendas;validar-tratamento-de-chargeback-de-venda;Validar tratamento de 'Chargeback de Venda' no STC com ação de 'Baixa Interna' - Hipercard, Crédito a Vista, POS;passed;2021-08-06 09:01:39-0300                                                     
Validar Chargeback de Vendas;validar-tratamento-de-chargeback-de-venda;Validar tratamento de 'Chargeback de Venda' no STC com ação de 'Baixa Interna' - Hipercard, Crédito a Vista, POS;passed;2021-08-06 09:01:39-0300                                                    
Validar Chargeback de Vendas;validar-tratamento-de-chargeback-de-venda;Validar tratamento de 'Chargeback de Venda' no STC com ação de 'Baixa Interna' - Hipercard, Crédito Parcelado Loja, POS;passed;2021-08-06 09:01:40-0300                                                   
Validar Chargeback de Vendas;validar-tratamento-de-chargeback-de-venda;Validar tratamento de 'Chargeback de Venda' no STC com ação de 'Baixa Interna' - Hipercard, Crédito Parcelado Loja, POS;passed;2021-08-06 09:01:40-0300                                                  
Validar Chargeback de Vendas;validar-tratamento-de-chargeback-de-venda;Validar tratamento de 'Chargeback de Venda' no STC com ação de 'Baixa Interna' - Hipercard, Crédito Parcelado Loja, POS;passed;2021-08-06 09:01:40-0300                                                 
Validar Chargeback de Vendas;validar-tratamento-de-chargeback-de-venda;Validar tratamento de 'Chargeback de Venda' no STC com ação de 'Baixa Interna' - Hipercard, Crédito Parcelado Emissor, POS;passed;2021-08-06 09:01:41-0300                                                
Validar Chargeback de Vendas;validar-tratamento-de-chargeback-de-venda;Validar tratamento de 'Chargeback de Venda' no STC com ação de 'Baixa Interna' - Hipercard, Crédito Parcelado Emissor, POS;passed;2021-08-06 09:01:41-0300                                               
Validar Chargeback de Vendas;validar-tratamento-de-chargeback-de-venda;Validar tratamento de 'Chargeback de Venda' no STC com ação de 'Baixa Interna' - Hipercard, Crédito Parcelado Emissor, POS;passed;2021-08-06 09:01:41-0300                                              
Validar Chargeback de Vendas;validar-tratamento-de-chargeback-de-venda;Validar tratamento de 'Chargeback de Venda' no STC com ação de 'Baixa Interna' - Amex, Crédito a Vista, POS;passed;2021-08-06 09:01:42-0300                                             
Validar Chargeback de Vendas;validar-tratamento-de-chargeback-de-venda;Validar tratamento de 'Chargeback de Venda' no STC com ação de 'Baixa Interna' - Amex, Crédito a Vista, POS;passed;2021-08-06 09:01:42-0300                                            
Validar Chargeback de Vendas;validar-tratamento-de-chargeback-de-venda;Validar tratamento de 'Chargeback de Venda' no STC com ação de 'Baixa Interna' - Amex, Crédito a Vista, POS;passed;2021-08-06 09:01:42-0300                                           
Validar Chargeback de Vendas;validar-tratamento-de-chargeback-de-venda;Validar tratamento de 'Chargeback de Venda' no STC com ação de 'Baixa Interna' - Amex, Crédito Parcelado Loja, POS;passed;2021-08-06 09:01:43-0300                                          
Validar Chargeback de Vendas;validar-tratamento-de-chargeback-de-venda;Validar tratamento de 'Chargeback de Venda' no STC com ação de 'Baixa Interna' - Amex, Crédito Parcelado Loja, POS;passed;2021-08-06 09:01:43-0300                                         
Validar Chargeback de Vendas;validar-tratamento-de-chargeback-de-venda;Validar tratamento de 'Chargeback de Venda' no STC com ação de 'Baixa Interna' - Amex, Crédito Parcelado Loja, POS;passed;2021-08-06 09:01:43-0300                                        
Validar Chargeback de Vendas;validar-tratamento-de-chargeback-de-venda;Validar tratamento de 'Chargeback de Venda' no STC com ação de 'Baixa Interna' - Amex, Crédito Parcelado Emissor, POS;failed;2021-08-06 09:01:44-0300                                       
Validar Chargeback de Vendas;validar-tratamento-de-chargeback-de-venda;Validar tratamento de 'Chargeback de Venda' no STC com ação de 'Baixa Interna' - Amex, Crédito Parcelado Emissor, POS;failed;2021-08-06 09:01:44-0300                                      
Validar Chargeback de Vendas;validar-tratamento-de-chargeback-de-venda;Validar tratamento de 'Chargeback de Venda' no STC com ação de 'Baixa Interna' - Amex, Crédito Parcelado Emissor, POS;failed;2021-08-06 09:01:44-0300                                     
Validar Chargeback de Vendas;validar-tratamento-de-chargeback-de-venda;Validar tratamento de 'Chargeback de Venda' no STC com ação de 'Baixa Interna' - JCB, Crédito a Vista, POS;failed;2021-08-06 09:01:45-0300                                    
Validar Chargeback de Vendas;validar-tratamento-de-chargeback-de-venda;Validar tratamento de 'Chargeback de Venda' no STC com ação de 'Baixa Interna' - JCB, Crédito a Vista, POS;failed;2021-08-06 09:01:45-0300                                   
Validar Chargeback de Vendas;validar-tratamento-de-chargeback-de-venda;Validar tratamento de 'Chargeback de Venda' no STC com ação de 'Baixa Interna' - JCB, Crédito a Vista, POS;failed;2021-08-06 09:01:45-0300                                  
Validar Chargeback de Vendas;validar-tratamento-de-chargeback-de-venda;Validar tratamento de 'Chargeback de Venda' no STC com ação de 'Baixa Interna' - JCB, Crédito Parcelado Loja, POS;failed;2021-08-06 09:01:46-0300                                 
Validar Chargeback de Vendas;validar-tratamento-de-chargeback-de-venda;Validar tratamento de 'Chargeback de Venda' no STC com ação de 'Baixa Interna' - JCB, Crédito Parcelado Loja, POS;failed;2021-08-06 09:01:46-0300                                
Validar Chargeback de Vendas;validar-tratamento-de-chargeback-de-venda;Validar tratamento de 'Chargeback de Venda' no STC com ação de 'Baixa Interna' - JCB, Crédito Parcelado Loja, POS;failed;2021-08-06 09:01:46-0300                               
Validar Chargeback de Vendas;validar-tratamento-de-chargeback-de-venda;Validar tratamento de 'Chargeback de Venda' no STC com ação de 'Baixa Interna' - JCB, Crédito Parcelado Emissor, POS;failed;2021-08-06 09:01:47-0300                              
Validar Chargeback de Vendas;validar-tratamento-de-chargeback-de-venda;Validar tratamento de 'Chargeback de Venda' no STC com ação de 'Baixa Interna' - JCB, Crédito Parcelado Emissor, POS;failed;2021-08-06 09:01:47-0300                             
Validar Chargeback de Vendas;validar-tratamento-de-chargeback-de-venda;Validar tratamento de 'Chargeback de Venda' no STC com ação de 'Baixa Interna' - JCB, Crédito Parcelado Emissor, POS;failed;2021-08-06 09:01:47-0300                            
Validar Chargeback de Vendas;validar-tratamento-de-chargeback-de-venda;Validar tratamento de 'Chargeback de Venda' no STC com ação de 'Baixa Interna' - Hipercard, Crédito a Vista, E-commerce;failed;2021-08-06 09:01:48-0300                           
Validar Chargeback de Vendas;validar-tratamento-de-chargeback-de-venda;Validar tratamento de 'Chargeback de Venda' no STC com ação de 'Baixa Interna' - Hipercard, Crédito a Vista, E-commerce;failed;2021-08-06 09:01:48-0300                          
Validar Chargeback de Vendas;validar-tratamento-de-chargeback-de-venda;Validar tratamento de 'Chargeback de Venda' no STC com ação de 'Baixa Interna' - Hipercard, Crédito a Vista, E-commerce;failed;2021-08-06 09:01:48-0300                         
Validar Chargeback de Vendas;validar-tratamento-de-chargeback-de-venda;Validar tratamento de 'Chargeback de Venda' no STC com ação de 'Baixa Interna' - Hipercard, Crédito Parcelado Loja, E-commerce;failed;2021-08-06 09:01:49-0300                        
Validar Chargeback de Vendas;validar-tratamento-de-chargeback-de-venda;Validar tratamento de 'Chargeback de Venda' no STC com ação de 'Baixa Interna' - Hipercard, Crédito Parcelado Loja, E-commerce;failed;2021-08-06 09:01:49-0300                       
Validar Chargeback de Vendas;validar-tratamento-de-chargeback-de-venda;Validar tratamento de 'Chargeback de Venda' no STC com ação de 'Baixa Interna' - Hipercard, Crédito Parcelado Loja, E-commerce;failed;2021-08-06 09:01:49-0300                      
Validar Chargeback de Vendas;validar-tratamento-de-chargeback-de-venda;Validar tratamento de 'Chargeback de Venda' no STC com ação de 'Baixa Interna' - Hipercard, Crédito Parcelado Emissor, E-commerce;failed;2021-08-06 09:01:49-0300                     
Validar Chargeback de Vendas;validar-tratamento-de-chargeback-de-venda;Validar tratamento de 'Chargeback de Venda' no STC com ação de 'Baixa Interna' - Hipercard, Crédito Parcelado Emissor, E-commerce;failed;2021-08-06 09:01:50-0300                    
Validar Chargeback de Vendas;validar-tratamento-de-chargeback-de-venda;Validar tratamento de 'Chargeback de Venda' no STC com ação de 'Baixa Interna' - Hipercard, Crédito Parcelado Emissor, E-commerce;failed;2021-08-06 09:01:50-0300                   
Validar Chargeback de Vendas;validar-tratamento-de-chargeback-de-venda;Validar tratamento de 'Chargeback de Venda' no STC com ação de 'Baixa Interna' - Amex, Crédito a Vista, E-commerce;failed;2021-08-06 09:01:50-0300                  
Validar Chargeback de Vendas;validar-tratamento-de-chargeback-de-venda;Validar tratamento de 'Chargeback de Venda' no STC com ação de 'Baixa Interna' - Amex, Crédito a Vista, E-commerce;failed;2021-08-06 09:01:50-0300                 
Validar Chargeback de Vendas;validar-tratamento-de-chargeback-de-venda;Validar tratamento de 'Chargeback de Venda' no STC com ação de 'Baixa Interna' - Amex, Crédito a Vista, E-commerce;failed;2021-08-06 09:01:50-0300                
Validar Chargeback de Vendas;validar-tratamento-de-chargeback-de-venda;Validar tratamento de 'Chargeback de Venda' no STC com ação de 'Baixa Interna' - Amex, Crédito Parcelado Loja, E-commerce;failed;2021-08-06 09:01:51-0300               
Validar Chargeback de Vendas;validar-tratamento-de-chargeback-de-venda;Validar tratamento de 'Chargeback de Venda' no STC com ação de 'Baixa Interna' - Amex, Crédito Parcelado Loja, E-commerce;failed;2021-08-06 09:01:51-0300              
Validar Chargeback de Vendas;validar-tratamento-de-chargeback-de-venda;Validar tratamento de 'Chargeback de Venda' no STC com ação de 'Baixa Interna' - Amex, Crédito Parcelado Loja, E-commerce;failed;2021-08-06 09:01:51-0300             
Validar Chargeback de Vendas;validar-tratamento-de-chargeback-de-venda;Validar tratamento de 'Chargeback de Venda' no STC com ação de 'Baixa Interna' - Amex, Crédito Parcelado Emissor, E-commerce;failed;2021-08-06 09:01:52-0300            
Validar Chargeback de Vendas;validar-tratamento-de-chargeback-de-venda;Validar tratamento de 'Chargeback de Venda' no STC com ação de 'Baixa Interna' - Amex, Crédito Parcelado Emissor, E-commerce;failed;2021-08-06 09:01:52-0300           
Validar Chargeback de Vendas;validar-tratamento-de-chargeback-de-venda;Validar tratamento de 'Chargeback de Venda' no STC com ação de 'Baixa Interna' - Amex, Crédito Parcelado Emissor, E-commerce;failed;2021-08-06 09:01:52-0300          
Validar Chargeback de Vendas;validar-tratamento-de-chargeback-de-venda;Validar tratamento de 'Chargeback de Venda' no STC com ação de 'Baixa Interna' - JCB, Crédito a Vista, E-commerce;failed;2021-08-06 09:01:53-0300         
Validar Chargeback de Vendas;validar-tratamento-de-chargeback-de-venda;Validar tratamento de 'Chargeback de Venda' no STC com ação de 'Baixa Interna' - JCB, Crédito a Vista, E-commerce;failed;2021-08-06 09:01:53-0300        
Validar Chargeback de Vendas;validar-tratamento-de-chargeback-de-venda;Validar tratamento de 'Chargeback de Venda' no STC com ação de 'Baixa Interna' - JCB, Crédito a Vista, E-commerce;failed;2021-08-06 09:01:53-0300       
Validar Chargeback de Vendas;validar-tratamento-de-chargeback-de-venda;Validar tratamento de 'Chargeback de Venda' no STC com ação de 'Baixa Interna' - JCB, Crédito Parcelado Loja, E-commerce;failed;2021-08-06 09:01:54-0300      
Validar Chargeback de Vendas;validar-tratamento-de-chargeback-de-venda;Validar tratamento de 'Chargeback de Venda' no STC com ação de 'Baixa Interna' - JCB, Crédito Parcelado Loja, E-commerce;failed;2021-08-06 09:01:54-0300     
Validar Chargeback de Vendas;validar-tratamento-de-chargeback-de-venda;Validar tratamento de 'Chargeback de Venda' no STC com ação de 'Baixa Interna' - JCB, Crédito Parcelado Loja, E-commerce;failed;2021-08-06 09:01:54-0300    
Validar Chargeback de Vendas;validar-tratamento-de-chargeback-de-venda;Validar tratamento de 'Chargeback de Venda' no STC com ação de 'Baixa Interna' - JCB, Crédito Parcelado Emissor, E-commerce;failed;2021-08-06 09:01:55-0300   
Validar Chargeback de Vendas;validar-tratamento-de-chargeback-de-venda;Validar tratamento de 'Chargeback de Venda' no STC com ação de 'Baixa Interna' - JCB, Crédito Parcelado Emissor, E-commerce;failed;2021-08-06 09:01:55-0300  
Validar Chargeback de Vendas;validar-tratamento-de-chargeback-de-venda;Validar tratamento de 'Chargeback de Venda' no STC com ação de 'Baixa Interna' - JCB, Crédito Parcelado Emissor, E-commerce;failed;2021-08-06 09:01:55-0300 
