nome_projeto;featura_nome_teste;id_test;status;data_execucao                                                       
Incluir Tratamento de Vendas;tratamento-de-venda;[ 201785 ] Incluir Tratamento de Venda para transação AMEX Crédito À Vista Autorização Desfeita;passed;2021-08-09 09:32:05-0300                                                      
Incluir Tratamento de Vendas;tratamento-de-venda;[ 201786 ] Incluir Tratamento de Venda para transação AMEX Crédito Parcelado Loja Autorização Desfeita;passed;2021-08-09 09:33:32-0300                                                    
Incluir Tratamento de Vendas;tratamento-de-venda;[ 201787 ] Incluir Tratamento de Venda para transação AMEX Crédito Parcelado Emissor Autorização Negada;passed;2021-08-09 09:34:42-0300                                                 
Incluir Tratamento de Vendas;tratamento-de-venda;[ 201788 ] Incluir Tratamento de Venda para transação ELO Débito Autorização Desfeita;failed;2021-08-09 09:35:05-0300                                              
Incluir Tratamento de Vendas;tratamento-de-venda;[ 201789 ] Incluir Tratamento de Venda para transação ELO Crédito À Vista Autorização Desfeita;failed;2021-08-09 09:35:25-0300                                           
Incluir Tratamento de Vendas;tratamento-de-venda;[ 201789 ] Incluir Tratamento de Venda para transação ELO Crédito À Vista Autorização Desfeita;failed;2021-08-09 09:35:26-0300                                          
Incluir Tratamento de Vendas;tratamento-de-venda;[ 201790 ] Incluir Tratamento de Venda para transação  ELO Crédito Parcelado Loja Autorização Negada;failed;2021-08-09 09:35:47-0300                                        
Incluir Tratamento de Vendas;tratamento-de-venda;[ 201791 ] Incluir Tratamento de Venda para transação ELO Crédito Parcelado Emissor Autorização Negada;passed;2021-08-09 09:36:57-0300                                     
Incluir Tratamento de Vendas;tratamento-de-venda;[ 201791 ] Incluir Tratamento de Venda para transação ELO Crédito Parcelado Emissor Autorização Negada;passed;2021-08-09 09:36:58-0300                                    
Incluir Tratamento de Vendas;tratamento-de-venda;[ 201793 ] Incluir Tratamento de Venda para transação HIPERCARD Crédito À Vista Autorização Negada;passed;2021-08-09 09:38:07-0300                                  
Incluir Tratamento de Vendas;tratamento-de-venda;[ 201794 ] Incluir Tratamento de Venda para transação HIPERCARD Crédito Parcelado Loja Autorização Desfeita;passed;2021-08-09 09:39:36-0300                               
Incluir Tratamento de Vendas;tratamento-de-venda;[ 201795 ] Incluir Tratamento de Venda para transação HIPERCARD Crédito Parcelado Emissor Autorização Negada;passed;2021-08-09 09:40:47-0300                            
Incluir Tratamento de Vendas;tratamento-de-venda;[ 201796 ] Incluir Tratamento de Venda para transação JCB Crédito À Vista Autorização Negada;passed;2021-08-09 09:41:56-0300                         
Incluir Tratamento de Vendas;tratamento-de-venda;[ 201798 ] Incluir Tratamento de Venda para transação JCB Crédito Parcelado Loja Autorização Negada;passed;2021-08-09 09:43:05-0300                      
Incluir Tratamento de Vendas;tratamento-de-venda;[ 201799 ] Incluir Tratamento de Venda para transação JCB Crédito Parcelado Emissor Autorização Desfeita;passed;2021-08-09 09:44:43-0300                   
Incluir Tratamento de Vendas;tratamento-de-venda;[ 201785 ] Incluir Tratamento de Venda para transação AMEX Crédito À Vista Autorização Desfeita;failed;2021-08-11 09:34:17-0300                
Incluir Tratamento de Vendas;tratamento-de-venda;[ 201786 ] Incluir Tratamento de Venda para transação AMEX Crédito Parcelado Loja Autorização Desfeita;failed;2021-08-11 09:37:53-0300               
Incluir Tratamento de Vendas;tratamento-de-venda;[ 201787 ] Incluir Tratamento de Venda para transação AMEX Crédito Parcelado Emissor Autorização Negada;failed;2021-08-11 09:41:11-0300              
Incluir Tratamento de Vendas;tratamento-de-venda;[ 201788 ] Incluir Tratamento de Venda para transação ELO Débito Autorização Desfeita;failed;2021-08-11 09:41:34-0300             
Incluir Tratamento de Vendas;tratamento-de-venda;[ 201789 ] Incluir Tratamento de Venda para transação ELO Crédito À Vista Autorização Desfeita;failed;2021-08-11 09:41:55-0300            
Incluir Tratamento de Vendas;tratamento-de-venda;[ 201790 ] Incluir Tratamento de Venda para transação  ELO Crédito Parcelado Loja Autorização Negada;failed;2021-08-11 09:42:15-0300           
Incluir Tratamento de Vendas;tratamento-de-venda;[ 201791 ] Incluir Tratamento de Venda para transação ELO Crédito Parcelado Emissor Autorização Negada;failed;2021-08-11 09:45:33-0300          
Incluir Tratamento de Vendas;tratamento-de-venda;[ 201793 ] Incluir Tratamento de Venda para transação HIPERCARD Crédito À Vista Autorização Negada;failed;2021-08-11 09:48:51-0300         
Incluir Tratamento de Vendas;tratamento-de-venda;[ 201794 ] Incluir Tratamento de Venda para transação HIPERCARD Crédito Parcelado Loja Autorização Desfeita;failed;2021-08-11 09:52:26-0300        
Incluir Tratamento de Vendas;tratamento-de-venda;[ 201795 ] Incluir Tratamento de Venda para transação HIPERCARD Crédito Parcelado Emissor Autorização Negada;failed;2021-08-11 09:55:43-0300       
Incluir Tratamento de Vendas;tratamento-de-venda;[ 201796 ] Incluir Tratamento de Venda para transação JCB Crédito À Vista Autorização Negada;failed;2021-08-11 09:59:01-0300      
Incluir Tratamento de Vendas;tratamento-de-venda;[ 201798 ] Incluir Tratamento de Venda para transação JCB Crédito Parcelado Loja Autorização Negada;failed;2021-08-11 10:02:19-0300     
Incluir Tratamento de Vendas;tratamento-de-venda;[ 201799 ] Incluir Tratamento de Venda para transação JCB Crédito Parcelado Emissor Autorização Desfeita;failed;2021-08-11 10:05:56-0300  
