nome_projeto;featura_nome_teste;id_test;status;data_execucao                                                                 
credenciamento;template;automação serviços de API teste;failed;2021-08-05 13:33:55-0300                                                                  
credenciamento;template;automação serviços de API teste;failed;2021-08-05 13:34:25-0300                                                                 
credenciamento;template;automação serviços de API teste;failed;2021-08-05 13:34:55-0300                                                                
credenciamento;template;automação serviços de API teste;failed;2021-08-05 13:42:57-0300                                                               
credenciamento;template;automação serviços de API teste;failed;2021-08-05 13:42:58-0300                                                              
credenciamento;template;automação serviços de API teste;failed;2021-08-05 13:42:58-0300                                                             
credenciamento;template;automação serviços de API teste;failed;2021-08-05 13:42:58-0300                                                            
credenciamento;template;automação serviços de API teste;failed;2021-08-05 13:42:58-0300                                                           
credenciamento;template;automação serviços de API teste;failed;2021-08-05 13:42:58-0300                                                          
credenciamento;template;automação serviços de API teste;failed;2021-08-05 13:42:58-0300                                                         
credenciamento;template;automação serviços de API teste;failed;2021-08-05 13:42:58-0300                                                        
credenciamento;template;automação serviços de API teste;failed;2021-08-05 13:42:58-0300                                                       
credenciamento;template;automação serviços de API teste;failed;2021-08-05 13:56:08-0300                                                      
credenciamento;template;automação serviços de API teste;failed;2021-08-05 13:56:08-0300                                                     
credenciamento;template;automação serviços de API teste;failed;2021-08-05 13:56:08-0300                                                    
credenciamento;template;automação serviços de API teste;failed;2021-08-05 13:56:08-0300                                                   
credenciamento;template;automação serviços de API teste;failed;2021-08-05 13:56:08-0300                                                  
credenciamento;template;automação serviços de API teste;failed;2021-08-05 13:56:08-0300                                                 
credenciamento;template;automação serviços de API teste;failed;2021-08-05 13:56:09-0300                                                
credenciamento;template;automação serviços de API teste;failed;2021-08-05 13:56:09-0300                                               
credenciamento;template;automação serviços de API teste;failed;2021-08-05 13:56:09-0300                                              
credenciamento;template;automação serviços de API teste;failed;2021-08-05 14:43:47-0300                                             
credenciamento;template;automação serviços de API teste;failed;2021-08-05 14:43:47-0300                                            
credenciamento;template;automação serviços de API teste;failed;2021-08-05 14:43:47-0300                                           
credenciamento;template;automação serviços de API teste;failed;2021-08-05 14:43:47-0300                                          
credenciamento;template;automação serviços de API teste;failed;2021-08-05 14:43:47-0300                                         
credenciamento;template;automação serviços de API teste;failed;2021-08-05 14:43:47-0300                                        
credenciamento;template;automação serviços de API teste;failed;2021-08-05 14:43:47-0300                                       
credenciamento;template;automação serviços de API teste;failed;2021-08-05 14:43:47-0300                                      
credenciamento;template;automação serviços de API teste;failed;2021-08-05 14:43:47-0300                                     
credenciamento;template;automação serviços de API teste;failed;2021-08-05 18:31:47-0300                                    
credenciamento;template;automação serviços de API teste;failed;2021-08-05 18:31:47-0300                                   
credenciamento;template;automação serviços de API teste;failed;2021-08-05 18:31:47-0300                                  
credenciamento;template;automação serviços de API teste;failed;2021-08-05 18:31:47-0300                                 
credenciamento;template;automação serviços de API teste;failed;2021-08-05 18:31:47-0300                                
credenciamento;template;automação serviços de API teste;failed;2021-08-05 18:31:47-0300                               
credenciamento;template;automação serviços de API teste;failed;2021-08-05 18:31:47-0300                              
credenciamento;template;automação serviços de API teste;failed;2021-08-05 18:31:47-0300                             
credenciamento;template;automação serviços de API teste;failed;2021-08-05 18:31:47-0300                            
credenciamento;template;automação serviços de API teste;failed;2021-08-06 09:52:21-0300                          
credenciamento;template;automação serviços de API teste;failed;2021-08-06 09:59:52-0300                 
credenciamento;template;automação serviços de API teste;failed;2021-08-06 10:17:10-0300        
credenciamento;template;automação serviços de API teste;failed;2021-08-06 10:17:11-0300       
