nome_projeto;featura_nome_teste;id_test;status;data_execucao                                 
Testes Negativos MDR Minimo;testes-negativos-mdr-minimo.;CT.CAD.043.235 - Validar que não é possivel realizar inclusão de MDR minimo no STAR para ec com Conta Global;passed;2021-08-06 10:32:55-0300                                
Testes Negativos MDR Minimo;testes-negativos-mdr-minimo.;CT.CAD.043.236 - Validar que não é possivel realizar inclusão de MDR minimo no STAR para EC com comissão minima pendente;passed;2021-08-06 10:36:54-0300                              
Testes Negativos MDR Minimo;testes-negativos-mdr-minimo.;CT.CAD.043.237 - Validar que não é possivel realizar inclusão de MDR minimo no STAR para ec com Cielo Controle;passed;2021-08-06 10:38:50-0300                           
Testes Negativos MDR Minimo;testes-negativos-mdr-minimo.;CT.CAD.043.235 - Validar que não é possivel realizar inclusão de MDR minimo no STAR para ec com Conta Global;passed;2021-08-09 10:32:52-0300                        
Testes Negativos MDR Minimo;testes-negativos-mdr-minimo.;CT.CAD.043.236 - Validar que não é possivel realizar inclusão de MDR minimo no STAR para EC com comissão minima pendente;passed;2021-08-09 10:36:51-0300                     
Testes Negativos MDR Minimo;testes-negativos-mdr-minimo.;CT.CAD.043.237 - Validar que não é possivel realizar inclusão de MDR minimo no STAR para ec com Cielo Controle;passed;2021-08-09 10:38:48-0300                  
Testes Negativos MDR Minimo;testes-negativos-mdr-minimo.;CT.CAD.043.235 - Validar que não é possivel realizar inclusão de MDR minimo no STAR para ec com Conta Global;passed;2021-08-10 10:32:49-0300               
Testes Negativos MDR Minimo;testes-negativos-mdr-minimo.;CT.CAD.043.236 - Validar que não é possivel realizar inclusão de MDR minimo no STAR para EC com comissão minima pendente;passed;2021-08-10 10:36:47-0300            
Testes Negativos MDR Minimo;testes-negativos-mdr-minimo.;CT.CAD.043.237 - Validar que não é possivel realizar inclusão de MDR minimo no STAR para ec com Cielo Controle;passed;2021-08-10 10:38:43-0300         
Testes Negativos MDR Minimo;testes-negativos-mdr-minimo.;CT.CAD.043.235 - Validar que não é possivel realizar inclusão de MDR minimo no STAR para ec com Conta Global;passed;2021-08-11 10:32:42-0300      
Testes Negativos MDR Minimo;testes-negativos-mdr-minimo.;CT.CAD.043.236 - Validar que não é possivel realizar inclusão de MDR minimo no STAR para EC com comissão minima pendente;passed;2021-08-11 10:37:13-0300     
Testes Negativos MDR Minimo;testes-negativos-mdr-minimo.;CT.CAD.043.237 - Validar que não é possivel realizar inclusão de MDR minimo no STAR para ec com Cielo Controle;passed;2021-08-11 10:39:09-0300  
Testes Negativos MDR Minimo;testes-negativos-mdr-minimo.;CT.CAD.043.237 - Validar que não é possivel realizar inclusão de MDR minimo no STAR para ec com Cielo Controle;passed;2021-08-11 10:39:10-0300
