nome_projeto;featura_nome_teste;id_test;status;data_execucao                                                                                                                                                                 
Alterar MDR Minimo STAR;alteração-mdr-minimo;CT.CAD.043.079 - Realizar a alteracao de MDR minimo no STAR para Cat. A;passed;2021-08-05 15:03:47-0300                                                                                                                                                                  
Alterar MDR Minimo STAR;alteração-mdr-minimo;CT.CAD.043.079 - Realizar a alteracao de MDR minimo no STAR para Cat. A;passed;2021-08-05 15:03:47-0300                                                                                                                                                                 
Alterar MDR Minimo STAR;alteração-mdr-minimo;CT.CAD.043.079 - Realizar a alteracao de MDR minimo no STAR para Cat. A;passed;2021-08-05 15:03:47-0300                                                                                                                                                                
Alterar MDR Minimo STAR;alteração-mdr-minimo;CT.CAD.043.080 - Realizar a alteracao de MDR minimo no STAR para Cat. B;passed;2021-08-05 15:06:47-0300                                                                                                                                                               
Alterar MDR Minimo STAR;alteração-mdr-minimo;CT.CAD.043.080 - Realizar a alteracao de MDR minimo no STAR para Cat. B;passed;2021-08-05 15:06:47-0300                                                                                                                                                              
Alterar MDR Minimo STAR;alteração-mdr-minimo;CT.CAD.043.080 - Realizar a alteracao de MDR minimo no STAR para Cat. B;passed;2021-08-05 15:06:47-0300                                                                                                                                                             
Alterar MDR Minimo STAR;alteração-mdr-minimo;CT.CAD.043.081 - Realizar a alteracao de MDR minimo no STAR para Cat. C;passed;2021-08-05 15:09:48-0300                                                                                                                                                            
Alterar MDR Minimo STAR;alteração-mdr-minimo;CT.CAD.043.081 - Realizar a alteracao de MDR minimo no STAR para Cat. C;passed;2021-08-05 15:09:48-0300                                                                                                                                                           
Alterar MDR Minimo STAR;alteração-mdr-minimo;CT.CAD.043.081 - Realizar a alteracao de MDR minimo no STAR para Cat. C;passed;2021-08-05 15:09:48-0300                                                                                                                                                          
Alterar MDR Minimo STAR;alteração-mdr-minimo;CT.CAD.043.082 - Realizar a alteracao de MDR minimo no STAR para Cat. D;passed;2021-08-05 15:12:48-0300                                                                                                                                                         
Alterar MDR Minimo STAR;alteração-mdr-minimo;CT.CAD.043.082 - Realizar a alteracao de MDR minimo no STAR para Cat. D;passed;2021-08-05 15:12:49-0300                                                                                                                                                        
Alterar MDR Minimo STAR;alteração-mdr-minimo;CT.CAD.043.082 - Realizar a alteracao de MDR minimo no STAR para Cat. D;passed;2021-08-05 15:12:49-0300                                                                                                                                                       
Alterar MDR Minimo STAR;alteração-mdr-minimo;CT.CAD.043.083 - Realizar a alteracao de MDR minimo no STAR para Cat. E;passed;2021-08-05 15:15:48-0300                                                                                                                                                      
Alterar MDR Minimo STAR;alteração-mdr-minimo;CT.CAD.043.083 - Realizar a alteracao de MDR minimo no STAR para Cat. E;passed;2021-08-05 15:15:48-0300                                                                                                                                                     
Alterar MDR Minimo STAR;alteração-mdr-minimo;CT.CAD.043.083 - Realizar a alteracao de MDR minimo no STAR para Cat. E;passed;2021-08-05 15:15:48-0300                                                                                                                                                    
Alterar MDR Minimo STAR;alteração-mdr-minimo;CT.CAD.043.084 - Realizar a alteracao de MDR minimo no STAR para Cat. F;passed;2021-08-05 15:18:48-0300                                                                                                                                                   
Alterar MDR Minimo STAR;alteração-mdr-minimo;CT.CAD.043.084 - Realizar a alteracao de MDR minimo no STAR para Cat. F;passed;2021-08-05 15:18:48-0300                                                                                                                                                  
Alterar MDR Minimo STAR;alteração-mdr-minimo;CT.CAD.043.084 - Realizar a alteracao de MDR minimo no STAR para Cat. F;passed;2021-08-05 15:18:48-0300                                                                                                                                                 
Alterar MDR Minimo STAR;alteração-mdr-minimo;CT.CAD.043.085 - Realizar a alteracao de MDR minimo no STAR para Cat. G;failed;2021-08-05 15:22:17-0300                                                                                                                                                
Alterar MDR Minimo STAR;alteração-mdr-minimo;CT.CAD.043.085 - Realizar a alteracao de MDR minimo no STAR para Cat. G;failed;2021-08-05 15:22:18-0300                                                                                                                                               
Alterar MDR Minimo STAR;alteração-mdr-minimo;CT.CAD.043.085 - Realizar a alteracao de MDR minimo no STAR para Cat. G;failed;2021-08-05 15:22:18-0300                                                                                                                                              
Alterar MDR Minimo STAR;alteração-mdr-minimo;CT.CAD.043.086 - Realizar a alteracao de MDR minimo no STAR para Cat. H;passed;2021-08-05 15:25:46-0300                                                                                                                                             
Alterar MDR Minimo STAR;alteração-mdr-minimo;CT.CAD.043.086 - Realizar a alteracao de MDR minimo no STAR para Cat. H;passed;2021-08-05 15:25:46-0300                                                                                                                                            
Alterar MDR Minimo STAR;alteração-mdr-minimo;CT.CAD.043.086 - Realizar a alteracao de MDR minimo no STAR para Cat. H;passed;2021-08-05 15:25:46-0300                                                                                                                                           
Alterar MDR Minimo STAR;alteração-mdr-minimo;CT.CAD.043.087 - Realizar a alteracao de MDR minimo no STAR para Cat. I;passed;2021-08-05 15:28:45-0300                                                                                                                                          
Alterar MDR Minimo STAR;alteração-mdr-minimo;CT.CAD.043.087 - Realizar a alteracao de MDR minimo no STAR para Cat. I;passed;2021-08-05 15:28:45-0300                                                                                                                                         
Alterar MDR Minimo STAR;alteração-mdr-minimo;CT.CAD.043.087 - Realizar a alteracao de MDR minimo no STAR para Cat. I;passed;2021-08-05 15:28:45-0300                                                                                                                                        
Alterar MDR Minimo STAR;alteração-mdr-minimo;CT.CAD.043.088 - Realizar a alteracao de MDR minimo no STAR para Cat. J;passed;2021-08-05 15:31:45-0300                                                                                                                                       
Alterar MDR Minimo STAR;alteração-mdr-minimo;CT.CAD.043.088 - Realizar a alteracao de MDR minimo no STAR para Cat. J;passed;2021-08-05 15:31:45-0300                                                                                                                                      
Alterar MDR Minimo STAR;alteração-mdr-minimo;CT.CAD.043.088 - Realizar a alteracao de MDR minimo no STAR para Cat. J;passed;2021-08-05 15:31:45-0300                                                                                                                                     
Alterar MDR Minimo STAR;alteração-mdr-minimo;CT.CAD.043.089 - Realizar a alteracao de MDR minimo no STAR para Cat. K;passed;2021-08-05 15:34:44-0300                                                                                                                                    
Alterar MDR Minimo STAR;alteração-mdr-minimo;CT.CAD.043.089 - Realizar a alteracao de MDR minimo no STAR para Cat. K;passed;2021-08-05 15:34:44-0300                                                                                                                                   
Alterar MDR Minimo STAR;alteração-mdr-minimo;CT.CAD.043.089 - Realizar a alteracao de MDR minimo no STAR para Cat. K;passed;2021-08-05 15:34:44-0300                                                                                                                                  
Alterar MDR Minimo STAR;alteração-mdr-minimo;CT.CAD.043.090 - Realizar a alteracao de MDR minimo no STAR para Cat. L;passed;2021-08-05 15:37:45-0300                                                                                                                                 
Alterar MDR Minimo STAR;alteração-mdr-minimo;CT.CAD.043.090 - Realizar a alteracao de MDR minimo no STAR para Cat. L;passed;2021-08-05 15:37:45-0300                                                                                                                                
Alterar MDR Minimo STAR;alteração-mdr-minimo;CT.CAD.043.090 - Realizar a alteracao de MDR minimo no STAR para Cat. L;passed;2021-08-05 15:37:45-0300                                                                                                                               
Alterar MDR Minimo STAR;alteração-mdr-minimo;CT.CAD.043.091 - Realizar a alteracao de MDR minimo no STAR para Cat. M;passed;2021-08-05 15:40:44-0300                                                                                                                              
Alterar MDR Minimo STAR;alteração-mdr-minimo;CT.CAD.043.091 - Realizar a alteracao de MDR minimo no STAR para Cat. M;passed;2021-08-05 15:40:44-0300                                                                                                                             
Alterar MDR Minimo STAR;alteração-mdr-minimo;CT.CAD.043.091 - Realizar a alteracao de MDR minimo no STAR para Cat. M;passed;2021-08-05 15:40:44-0300                                                                                                                            
Alterar MDR Minimo STAR;alteração-mdr-minimo;CT.CAD.043.092 - Realizar a alteracao de MDR minimo no STAR para Cat. N;passed;2021-08-05 15:43:43-0300                                                                                                                           
Alterar MDR Minimo STAR;alteração-mdr-minimo;CT.CAD.043.092 - Realizar a alteracao de MDR minimo no STAR para Cat. N;passed;2021-08-05 15:43:43-0300                                                                                                                          
Alterar MDR Minimo STAR;alteração-mdr-minimo;CT.CAD.043.092 - Realizar a alteracao de MDR minimo no STAR para Cat. N;passed;2021-08-05 15:43:43-0300                                                                                                                         
Alterar MDR Minimo STAR;alteração-mdr-minimo;CT.CAD.043.093 - Realizar a alteracao de MDR minimo no STAR para Cat. O;passed;2021-08-05 15:46:42-0300                                                                                                                        
Alterar MDR Minimo STAR;alteração-mdr-minimo;CT.CAD.043.093 - Realizar a alteracao de MDR minimo no STAR para Cat. O;passed;2021-08-05 15:46:42-0300                                                                                                                       
Alterar MDR Minimo STAR;alteração-mdr-minimo;CT.CAD.043.093 - Realizar a alteracao de MDR minimo no STAR para Cat. O;passed;2021-08-05 15:46:42-0300                                                                                                                      
Alterar MDR Minimo STAR;alteração-mdr-minimo;CT.CAD.043.094 - Realizar a alteracao de MDR minimo no STAR para Cat. P;passed;2021-08-05 15:49:42-0300                                                                                                                     
Alterar MDR Minimo STAR;alteração-mdr-minimo;CT.CAD.043.094 - Realizar a alteracao de MDR minimo no STAR para Cat. P;passed;2021-08-05 15:49:42-0300                                                                                                                    
Alterar MDR Minimo STAR;alteração-mdr-minimo;CT.CAD.043.094 - Realizar a alteracao de MDR minimo no STAR para Cat. P;passed;2021-08-05 15:49:42-0300                                                                                                                   
Alterar MDR Minimo STAR;alteração-mdr-minimo;CT.CAD.043.095 - Realizar a alteracao de MDR minimo no STAR para Cat. Q;passed;2021-08-05 15:52:41-0300                                                                                                                  
Alterar MDR Minimo STAR;alteração-mdr-minimo;CT.CAD.043.095 - Realizar a alteracao de MDR minimo no STAR para Cat. Q;passed;2021-08-05 15:52:41-0300                                                                                                                 
Alterar MDR Minimo STAR;alteração-mdr-minimo;CT.CAD.043.095 - Realizar a alteracao de MDR minimo no STAR para Cat. Q;passed;2021-08-05 15:52:41-0300                                                                                                                
Alterar MDR Minimo STAR;alteração-mdr-minimo;CT.CAD.043.096 - Realizar a alteracao de MDR minimo no STAR para Cat. R;passed;2021-08-05 15:55:48-0300                                                                                                               
Alterar MDR Minimo STAR;alteração-mdr-minimo;CT.CAD.043.096 - Realizar a alteracao de MDR minimo no STAR para Cat. R;passed;2021-08-05 15:55:48-0300                                                                                                              
Alterar MDR Minimo STAR;alteração-mdr-minimo;CT.CAD.043.096 - Realizar a alteracao de MDR minimo no STAR para Cat. R;passed;2021-08-05 15:55:48-0300                                                                                                             
Alterar MDR Minimo STAR;alteração-mdr-minimo;CT.CAD.043.097 - Realizar a alteracao de MDR minimo no STAR para Cat. S;passed;2021-08-05 15:58:47-0300                                                                                                            
Alterar MDR Minimo STAR;alteração-mdr-minimo;CT.CAD.043.097 - Realizar a alteracao de MDR minimo no STAR para Cat. S;passed;2021-08-05 15:58:47-0300                                                                                                           
Alterar MDR Minimo STAR;alteração-mdr-minimo;CT.CAD.043.097 - Realizar a alteracao de MDR minimo no STAR para Cat. S;passed;2021-08-05 15:58:47-0300                                                                                                          
Alterar MDR Minimo STAR;alteração-mdr-minimo;CT.CAD.043.098 - Realizar a alteracao de MDR minimo no STAR para Cat. T;passed;2021-08-05 16:01:48-0300                                                                                                         
Alterar MDR Minimo STAR;alteração-mdr-minimo;CT.CAD.043.098 - Realizar a alteracao de MDR minimo no STAR para Cat. T;passed;2021-08-05 16:01:48-0300                                                                                                        
Alterar MDR Minimo STAR;alteração-mdr-minimo;CT.CAD.043.098 - Realizar a alteracao de MDR minimo no STAR para Cat. T;passed;2021-08-05 16:01:48-0300                                                                                                       
Alterar MDR Minimo STAR;alteração-mdr-minimo;CT.CAD.043.099 - Realizar a alteracao de MDR minimo no STAR para Cat. U;passed;2021-08-05 16:04:48-0300                                                                                                      
Alterar MDR Minimo STAR;alteração-mdr-minimo;CT.CAD.043.099 - Realizar a alteracao de MDR minimo no STAR para Cat. U;passed;2021-08-05 16:04:48-0300                                                                                                     
Alterar MDR Minimo STAR;alteração-mdr-minimo;CT.CAD.043.099 - Realizar a alteracao de MDR minimo no STAR para Cat. U;passed;2021-08-05 16:04:48-0300                                                                                                    
Alterar MDR Minimo STAR;alteração-mdr-minimo;CT.CAD.043.101 - Realizar a alteracao de MDR minimo no STAR para Cat. W;passed;2021-08-05 16:07:48-0300                                                                                                   
Alterar MDR Minimo STAR;alteração-mdr-minimo;CT.CAD.043.101 - Realizar a alteracao de MDR minimo no STAR para Cat. W;passed;2021-08-05 16:07:48-0300                                                                                                  
Alterar MDR Minimo STAR;alteração-mdr-minimo;CT.CAD.043.101 - Realizar a alteracao de MDR minimo no STAR para Cat. W;passed;2021-08-05 16:07:48-0300                                                                                                 
Alterar MDR Minimo STAR;alteração-mdr-minimo;CT.CAD.043.102 - Realizar a alteracao de MDR minimo no STAR para Cat. X;passed;2021-08-05 16:10:47-0300                                                                                                
Alterar MDR Minimo STAR;alteração-mdr-minimo;CT.CAD.043.102 - Realizar a alteracao de MDR minimo no STAR para Cat. X;passed;2021-08-05 16:10:47-0300                                                                                               
Alterar MDR Minimo STAR;alteração-mdr-minimo;CT.CAD.043.102 - Realizar a alteracao de MDR minimo no STAR para Cat. X;passed;2021-08-05 16:10:48-0300                                                                                              
Alterar MDR Minimo STAR;alteração-mdr-minimo;CT.CAD.043.103 - Realizar a alteracao de MDR minimo no STAR para Cat. Y;passed;2021-08-05 16:13:47-0300                                                                                             
Alterar MDR Minimo STAR;alteração-mdr-minimo;CT.CAD.043.103 - Realizar a alteracao de MDR minimo no STAR para Cat. Y;passed;2021-08-05 16:13:47-0300                                                                                            
Alterar MDR Minimo STAR;alteração-mdr-minimo;CT.CAD.043.103 - Realizar a alteracao de MDR minimo no STAR para Cat. Y;passed;2021-08-05 16:13:47-0300                                                                                           
Alterar MDR Minimo STAR;alteração-mdr-minimo;CT.CAD.043.104 - Realizar a alteracao de MDR minimo no STAR para Cat. Z;passed;2021-08-05 16:16:45-0300                                                                                          
Alterar MDR Minimo STAR;alteração-mdr-minimo;CT.CAD.043.104 - Realizar a alteracao de MDR minimo no STAR para Cat. Z;passed;2021-08-05 16:16:45-0300                                                                                         
Alterar MDR Minimo STAR;alteração-mdr-minimo;CT.CAD.043.104 - Realizar a alteracao de MDR minimo no STAR para Cat. Z;passed;2021-08-05 16:16:45-0300                                                                                        
Alterar MDR Minimo STAR;alteração-mdr-minimo;CT.CAD.043.241 - Realizar a alteracao de MDR minimo no STAR para Cat. 1;passed;2021-08-05 16:19:44-0300                                                                                       
Alterar MDR Minimo STAR;alteração-mdr-minimo;CT.CAD.043.241 - Realizar a alteracao de MDR minimo no STAR para Cat. 1;passed;2021-08-05 16:19:44-0300                                                                                      
Alterar MDR Minimo STAR;alteração-mdr-minimo;CT.CAD.043.241 - Realizar a alteracao de MDR minimo no STAR para Cat. 1;passed;2021-08-05 16:19:44-0300                                                                                     
Alterar MDR Minimo STAR;alteração-mdr-minimo;CT.CAD.043.250 - Realizar a alteracao de MDR minimo no STAR para Cat. 0;passed;2021-08-05 16:22:44-0300                                                                                    
Alterar MDR Minimo STAR;alteração-mdr-minimo;CT.CAD.043.250 - Realizar a alteracao de MDR minimo no STAR para Cat. 0;passed;2021-08-05 16:22:44-0300                                                                                   
Alterar MDR Minimo STAR;alteração-mdr-minimo;CT.CAD.043.250 - Realizar a alteracao de MDR minimo no STAR para Cat. 0;passed;2021-08-05 16:22:44-0300                                                                                  
Alterar MDR Minimo STAR;alteração-mdr-minimo;CT.CAD.043.079 - Realizar a alteracao de MDR minimo no STAR para Cat. A;passed;2021-08-09 15:03:28-0300                                                                                
Alterar MDR Minimo STAR;alteração-mdr-minimo;CT.CAD.043.080 - Realizar a alteracao de MDR minimo no STAR para Cat. B;passed;2021-08-09 15:06:27-0300                                                                             
Alterar MDR Minimo STAR;alteração-mdr-minimo;CT.CAD.043.081 - Realizar a alteracao de MDR minimo no STAR para Cat. C;passed;2021-08-09 15:09:27-0300                                                                          
Alterar MDR Minimo STAR;alteração-mdr-minimo;CT.CAD.043.082 - Realizar a alteracao de MDR minimo no STAR para Cat. D;passed;2021-08-09 15:12:26-0300                                                                       
Alterar MDR Minimo STAR;alteração-mdr-minimo;CT.CAD.043.083 - Realizar a alteracao de MDR minimo no STAR para Cat. E;passed;2021-08-09 15:15:26-0300                                                                    
Alterar MDR Minimo STAR;alteração-mdr-minimo;CT.CAD.043.084 - Realizar a alteracao de MDR minimo no STAR para Cat. F;passed;2021-08-09 15:18:25-0300                                                                 
Alterar MDR Minimo STAR;alteração-mdr-minimo;CT.CAD.043.084 - Realizar a alteracao de MDR minimo no STAR para Cat. F;passed;2021-08-09 15:18:26-0300                                                                
Alterar MDR Minimo STAR;alteração-mdr-minimo;CT.CAD.043.085 - Realizar a alteracao de MDR minimo no STAR para Cat. G;passed;2021-08-09 15:21:24-0300                                                              
Alterar MDR Minimo STAR;alteração-mdr-minimo;CT.CAD.043.086 - Realizar a alteracao de MDR minimo no STAR para Cat. H;passed;2021-08-09 15:24:24-0300                                                           
Alterar MDR Minimo STAR;alteração-mdr-minimo;CT.CAD.043.087 - Realizar a alteracao de MDR minimo no STAR para Cat. I;passed;2021-08-09 15:27:23-0300                                                        
Alterar MDR Minimo STAR;alteração-mdr-minimo;CT.CAD.043.088 - Realizar a alteracao de MDR minimo no STAR para Cat. J;passed;2021-08-09 15:30:22-0300                                                     
Alterar MDR Minimo STAR;alteração-mdr-minimo;CT.CAD.043.089 - Realizar a alteracao de MDR minimo no STAR para Cat. K;passed;2021-08-09 15:33:20-0300                                                  
Alterar MDR Minimo STAR;alteração-mdr-minimo;CT.CAD.043.090 - Realizar a alteracao de MDR minimo no STAR para Cat. L;passed;2021-08-09 15:36:19-0300                                               
Alterar MDR Minimo STAR;alteração-mdr-minimo;CT.CAD.043.091 - Realizar a alteracao de MDR minimo no STAR para Cat. M;passed;2021-08-09 15:39:18-0300                                            
Alterar MDR Minimo STAR;alteração-mdr-minimo;CT.CAD.043.091 - Realizar a alteracao de MDR minimo no STAR para Cat. M;passed;2021-08-09 15:39:19-0300                                           
Alterar MDR Minimo STAR;alteração-mdr-minimo;CT.CAD.043.092 - Realizar a alteracao de MDR minimo no STAR para Cat. N;passed;2021-08-09 15:42:17-0300                                         
Alterar MDR Minimo STAR;alteração-mdr-minimo;CT.CAD.043.093 - Realizar a alteracao de MDR minimo no STAR para Cat. O;passed;2021-08-09 15:45:16-0300                                      
Alterar MDR Minimo STAR;alteração-mdr-minimo;CT.CAD.043.094 - Realizar a alteracao de MDR minimo no STAR para Cat. P;passed;2021-08-09 15:48:16-0300                                   
Alterar MDR Minimo STAR;alteração-mdr-minimo;CT.CAD.043.095 - Realizar a alteracao de MDR minimo no STAR para Cat. Q;passed;2021-08-09 15:51:14-0300                                
Alterar MDR Minimo STAR;alteração-mdr-minimo;CT.CAD.043.096 - Realizar a alteracao de MDR minimo no STAR para Cat. R;passed;2021-08-09 15:54:12-0300                             
Alterar MDR Minimo STAR;alteração-mdr-minimo;CT.CAD.043.097 - Realizar a alteracao de MDR minimo no STAR para Cat. S;passed;2021-08-09 15:57:11-0300                          
Alterar MDR Minimo STAR;alteração-mdr-minimo;CT.CAD.043.098 - Realizar a alteracao de MDR minimo no STAR para Cat. T;passed;2021-08-09 16:00:09-0300                       
Alterar MDR Minimo STAR;alteração-mdr-minimo;CT.CAD.043.099 - Realizar a alteracao de MDR minimo no STAR para Cat. U;passed;2021-08-09 16:03:08-0300                    
Alterar MDR Minimo STAR;alteração-mdr-minimo;CT.CAD.043.101 - Realizar a alteracao de MDR minimo no STAR para Cat. W;passed;2021-08-09 16:06:07-0300                 
Alterar MDR Minimo STAR;alteração-mdr-minimo;CT.CAD.043.102 - Realizar a alteracao de MDR minimo no STAR para Cat. X;passed;2021-08-09 16:09:06-0300              
Alterar MDR Minimo STAR;alteração-mdr-minimo;CT.CAD.043.103 - Realizar a alteracao de MDR minimo no STAR para Cat. Y;passed;2021-08-09 16:12:04-0300           
Alterar MDR Minimo STAR;alteração-mdr-minimo;CT.CAD.043.103 - Realizar a alteracao de MDR minimo no STAR para Cat. Y;passed;2021-08-09 16:12:05-0300         
Alterar MDR Minimo STAR;alteração-mdr-minimo;CT.CAD.043.104 - Realizar a alteracao de MDR minimo no STAR para Cat. Z;passed;2021-08-09 16:15:03-0300        
Alterar MDR Minimo STAR;alteração-mdr-minimo;CT.CAD.043.241 - Realizar a alteracao de MDR minimo no STAR para Cat. 1;passed;2021-08-09 16:18:01-0300     
Alterar MDR Minimo STAR;alteração-mdr-minimo;CT.CAD.043.250 - Realizar a alteracao de MDR minimo no STAR para Cat. 0;passed;2021-08-09 16:21:01-0300  
