nome_projeto;featura_nome_teste;id_test;status;data_execucao                                                                                                                                                                 
Validar Inclusao MDR Minimo SEC;validar-inclusao-de-mdr-minimo-no-sec;CT.CAD.043.053 - Validar a inclusao de MDR minimo Cat. A no SEC;failed;2021-08-06 14:05:31-0300                                                                                                                                                                
Validar Inclusao MDR Minimo SEC;validar-inclusao-de-mdr-minimo-no-sec;CT.CAD.043.054 - Validar a inclusao de MDR minimo Cat. B no SEC;failed;2021-08-06 14:06:14-0300                                                                                                                                                              
Validar Inclusao MDR Minimo SEC;validar-inclusao-de-mdr-minimo-no-sec;CT.CAD.043.055 - Validar a inclusao de MDR minimo Cat. C no SEC;failed;2021-08-06 14:06:57-0300                                                                                                                                                           
Validar Inclusao MDR Minimo SEC;validar-inclusao-de-mdr-minimo-no-sec;CT.CAD.043.056 - Validar a inclusao de MDR minimo Cat. D no SEC;failed;2021-08-06 14:07:40-0300                                                                                                                                                        
Validar Inclusao MDR Minimo SEC;validar-inclusao-de-mdr-minimo-no-sec;CT.CAD.043.057 - Validar a inclusao de MDR minimo Cat. And no SEC;failed;2021-08-06 14:08:23-0300                                                                                                                                                     
Validar Inclusao MDR Minimo SEC;validar-inclusao-de-mdr-minimo-no-sec;CT.CAD.043.058 - Validar a inclusao de MDR minimo Cat. F no SEC;failed;2021-08-06 14:09:06-0300                                                                                                                                                  
Validar Inclusao MDR Minimo SEC;validar-inclusao-de-mdr-minimo-no-sec;CT.CAD.043.058 - Validar a inclusao de MDR minimo Cat. F no SEC;failed;2021-08-06 14:09:07-0300                                                                                                                                                 
Validar Inclusao MDR Minimo SEC;validar-inclusao-de-mdr-minimo-no-sec;CT.CAD.043.059 - Validar a inclusao de MDR minimo Cat. G no SEC;failed;2021-08-06 14:09:49-0300                                                                                                                                               
Validar Inclusao MDR Minimo SEC;validar-inclusao-de-mdr-minimo-no-sec;CT.CAD.043.059 - Validar a inclusao de MDR minimo Cat. G no SEC;failed;2021-08-06 14:09:50-0300                                                                                                                                              
Validar Inclusao MDR Minimo SEC;validar-inclusao-de-mdr-minimo-no-sec;CT.CAD.043.060 - Validar a inclusao de MDR minimo Cat. H no SEC;failed;2021-08-06 14:10:32-0300                                                                                                                                            
Validar Inclusao MDR Minimo SEC;validar-inclusao-de-mdr-minimo-no-sec;CT.CAD.043.060 - Validar a inclusao de MDR minimo Cat. H no SEC;failed;2021-08-06 14:10:33-0300                                                                                                                                           
Validar Inclusao MDR Minimo SEC;validar-inclusao-de-mdr-minimo-no-sec;CT.CAD.043.061 - Validar a inclusao de MDR minimo Cat. I no SEC;failed;2021-08-06 14:11:15-0300                                                                                                                                         
Validar Inclusao MDR Minimo SEC;validar-inclusao-de-mdr-minimo-no-sec;CT.CAD.043.062 - Validar a inclusao de MDR minimo Cat. J no SEC;failed;2021-08-06 14:11:59-0300                                                                                                                                      
Validar Inclusao MDR Minimo SEC;validar-inclusao-de-mdr-minimo-no-sec;CT.CAD.043.063 - Validar a inclusao de MDR minimo Cat. K no SEC;failed;2021-08-06 14:12:42-0300                                                                                                                                   
Validar Inclusao MDR Minimo SEC;validar-inclusao-de-mdr-minimo-no-sec;CT.CAD.043.063 - Validar a inclusao de MDR minimo Cat. K no SEC;failed;2021-08-06 14:12:43-0300                                                                                                                                  
Validar Inclusao MDR Minimo SEC;validar-inclusao-de-mdr-minimo-no-sec;CT.CAD.043.064 - Validar a inclusao de MDR minimo Cat. L no SEC;failed;2021-08-06 14:13:25-0300                                                                                                                                
Validar Inclusao MDR Minimo SEC;validar-inclusao-de-mdr-minimo-no-sec;CT.CAD.043.065 - Validar a inclusao de MDR minimo Cat. M no SEC;failed;2021-08-06 14:14:08-0300                                                                                                                             
Validar Inclusao MDR Minimo SEC;validar-inclusao-de-mdr-minimo-no-sec;CT.CAD.043.066 - Validar a inclusao de MDR minimo Cat. N no SEC;failed;2021-08-06 14:14:51-0300                                                                                                                          
Validar Inclusao MDR Minimo SEC;validar-inclusao-de-mdr-minimo-no-sec;CT.CAD.043.066 - Validar a inclusao de MDR minimo Cat. N no SEC;failed;2021-08-06 14:14:52-0300                                                                                                                         
Validar Inclusao MDR Minimo SEC;validar-inclusao-de-mdr-minimo-no-sec;CT.CAD.043.067 - Validar a inclusao de MDR minimo Cat. O no SEC;failed;2021-08-06 14:15:41-0300                                                                                                                       
Validar Inclusao MDR Minimo SEC;validar-inclusao-de-mdr-minimo-no-sec;CT.CAD.043.067 - Validar a inclusao de MDR minimo Cat. O no SEC;failed;2021-08-06 14:15:42-0300                                                                                                                      
Validar Inclusao MDR Minimo SEC;validar-inclusao-de-mdr-minimo-no-sec;CT.CAD.043.068 - Validar a inclusao de MDR minimo Cat. P no SEC;failed;2021-08-06 14:16:24-0300                                                                                                                    
Validar Inclusao MDR Minimo SEC;validar-inclusao-de-mdr-minimo-no-sec;CT.CAD.043.069 - Validar a inclusao de MDR minimo Cat. Q no SEC;failed;2021-08-06 14:17:07-0300                                                                                                                 
Validar Inclusao MDR Minimo SEC;validar-inclusao-de-mdr-minimo-no-sec;CT.CAD.043.070 - Validar a inclusao de MDR minimo Cat. R no SEC;failed;2021-08-06 14:17:50-0300                                                                                                              
Validar Inclusao MDR Minimo SEC;validar-inclusao-de-mdr-minimo-no-sec;CT.CAD.043.071 - Validar a inclusao de MDR minimo Cat. S no SEC;failed;2021-08-06 14:18:32-0300                                                                                                           
Validar Inclusao MDR Minimo SEC;validar-inclusao-de-mdr-minimo-no-sec;CT.CAD.043.071 - Validar a inclusao de MDR minimo Cat. S no SEC;failed;2021-08-06 14:18:33-0300                                                                                                          
Validar Inclusao MDR Minimo SEC;validar-inclusao-de-mdr-minimo-no-sec;CT.CAD.043.072 - Validar a inclusao de MDR minimo Cat. T no SEC;failed;2021-08-06 14:19:16-0300                                                                                                        
Validar Inclusao MDR Minimo SEC;validar-inclusao-de-mdr-minimo-no-sec;CT.CAD.043.073 - Validar a inclusao de MDR minimo Cat. U no SEC;failed;2021-08-06 14:19:59-0300                                                                                                     
Validar Inclusao MDR Minimo SEC;validar-inclusao-de-mdr-minimo-no-sec;CT.CAD.043.075 - Validar a inclusao de MDR minimo Cat. W no SEC;failed;2021-08-06 14:20:42-0300                                                                                                  
Validar Inclusao MDR Minimo SEC;validar-inclusao-de-mdr-minimo-no-sec;CT.CAD.043.076 - Validar a inclusao de MDR minimo Cat. X no SEC;failed;2021-08-06 14:21:27-0300                                                                                               
Validar Inclusao MDR Minimo SEC;validar-inclusao-de-mdr-minimo-no-sec;CT.CAD.043.077 - Validar a inclusao de MDR minimo Cat. Y no SEC;failed;2021-08-06 14:22:09-0300                                                                                            
Validar Inclusao MDR Minimo SEC;validar-inclusao-de-mdr-minimo-no-sec;CT.CAD.043.077 - Validar a inclusao de MDR minimo Cat. Y no SEC;failed;2021-08-06 14:22:10-0300                                                                                           
Validar Inclusao MDR Minimo SEC;validar-inclusao-de-mdr-minimo-no-sec;CT.CAD.043.078 - Validar a inclusao de MDR minimo Cat. Z no SEC;failed;2021-08-06 14:22:52-0300                                                                                         
Validar Inclusao MDR Minimo SEC;validar-inclusao-de-mdr-minimo-no-sec;CT.CAD.043.078 - Validar a inclusao de MDR minimo Cat. Z no SEC;failed;2021-08-06 14:22:53-0300                                                                                        
Validar Inclusao MDR Minimo SEC;validar-inclusao-de-mdr-minimo-no-sec;CT.CAD.043.240 - Validar a inclusao de MDR minimo Cat. 1 no SEC;failed;2021-08-06 14:23:36-0300                                                                                      
Validar Inclusao MDR Minimo SEC;validar-inclusao-de-mdr-minimo-no-sec;CT.CAD.043.240 - Validar a inclusao de MDR minimo Cat. 1 no SEC;failed;2021-08-06 14:23:37-0300                                                                                     
Validar Inclusao MDR Minimo SEC;validar-inclusao-de-mdr-minimo-no-sec;CT.CAD.043.249 - Validar a inclusao de MDR minimo Cat. 0 no SEC;failed;2021-08-06 14:24:18-0300                                                                                   
Validar Inclusao MDR Minimo SEC;validar-inclusao-de-mdr-minimo-no-sec;CT.CAD.043.249 - Validar a inclusao de MDR minimo Cat. 0 no SEC;failed;2021-08-06 14:24:19-0300                                                                                  
Validar Inclusao MDR Minimo SEC;validar-inclusao-de-mdr-minimo-no-sec;CT.CAD.043.053 - Validar a inclusao de MDR minimo Cat. A no SEC;passed;2021-08-10 14:05:17-0300                                                                                
Validar Inclusao MDR Minimo SEC;validar-inclusao-de-mdr-minimo-no-sec;CT.CAD.043.054 - Validar a inclusao de MDR minimo Cat. B no SEC;passed;2021-08-10 14:06:01-0300                                                                             
Validar Inclusao MDR Minimo SEC;validar-inclusao-de-mdr-minimo-no-sec;CT.CAD.043.055 - Validar a inclusao de MDR minimo Cat. C no SEC;passed;2021-08-10 14:06:43-0300                                                                          
Validar Inclusao MDR Minimo SEC;validar-inclusao-de-mdr-minimo-no-sec;CT.CAD.043.056 - Validar a inclusao de MDR minimo Cat. D no SEC;passed;2021-08-10 14:07:26-0300                                                                       
Validar Inclusao MDR Minimo SEC;validar-inclusao-de-mdr-minimo-no-sec;CT.CAD.043.057 - Validar a inclusao de MDR minimo Cat. And no SEC;passed;2021-08-10 14:08:08-0300                                                                    
Validar Inclusao MDR Minimo SEC;validar-inclusao-de-mdr-minimo-no-sec;CT.CAD.043.058 - Validar a inclusao de MDR minimo Cat. F no SEC;passed;2021-08-10 14:08:51-0300                                                                 
Validar Inclusao MDR Minimo SEC;validar-inclusao-de-mdr-minimo-no-sec;CT.CAD.043.059 - Validar a inclusao de MDR minimo Cat. G no SEC;passed;2021-08-10 14:09:35-0300                                                              
Validar Inclusao MDR Minimo SEC;validar-inclusao-de-mdr-minimo-no-sec;CT.CAD.043.060 - Validar a inclusao de MDR minimo Cat. H no SEC;passed;2021-08-10 14:10:18-0300                                                           
Validar Inclusao MDR Minimo SEC;validar-inclusao-de-mdr-minimo-no-sec;CT.CAD.043.061 - Validar a inclusao de MDR minimo Cat. I no SEC;passed;2021-08-10 14:11:01-0300                                                        
Validar Inclusao MDR Minimo SEC;validar-inclusao-de-mdr-minimo-no-sec;CT.CAD.043.062 - Validar a inclusao de MDR minimo Cat. J no SEC;passed;2021-08-10 14:11:43-0300                                                     
Validar Inclusao MDR Minimo SEC;validar-inclusao-de-mdr-minimo-no-sec;CT.CAD.043.063 - Validar a inclusao de MDR minimo Cat. K no SEC;passed;2021-08-10 14:12:26-0300                                                  
Validar Inclusao MDR Minimo SEC;validar-inclusao-de-mdr-minimo-no-sec;CT.CAD.043.064 - Validar a inclusao de MDR minimo Cat. L no SEC;passed;2021-08-10 14:13:09-0300                                               
Validar Inclusao MDR Minimo SEC;validar-inclusao-de-mdr-minimo-no-sec;CT.CAD.043.065 - Validar a inclusao de MDR minimo Cat. M no SEC;passed;2021-08-10 14:13:54-0300                                            
Validar Inclusao MDR Minimo SEC;validar-inclusao-de-mdr-minimo-no-sec;CT.CAD.043.066 - Validar a inclusao de MDR minimo Cat. N no SEC;passed;2021-08-10 14:14:36-0300                                         
Validar Inclusao MDR Minimo SEC;validar-inclusao-de-mdr-minimo-no-sec;CT.CAD.043.067 - Validar a inclusao de MDR minimo Cat. O no SEC;passed;2021-08-10 14:15:19-0300                                      
Validar Inclusao MDR Minimo SEC;validar-inclusao-de-mdr-minimo-no-sec;CT.CAD.043.067 - Validar a inclusao de MDR minimo Cat. O no SEC;passed;2021-08-10 14:15:20-0300                                     
Validar Inclusao MDR Minimo SEC;validar-inclusao-de-mdr-minimo-no-sec;CT.CAD.043.068 - Validar a inclusao de MDR minimo Cat. P no SEC;passed;2021-08-10 14:16:07-0300                                   
Validar Inclusao MDR Minimo SEC;validar-inclusao-de-mdr-minimo-no-sec;CT.CAD.043.068 - Validar a inclusao de MDR minimo Cat. P no SEC;passed;2021-08-10 14:16:08-0300                                 
Validar Inclusao MDR Minimo SEC;validar-inclusao-de-mdr-minimo-no-sec;CT.CAD.043.069 - Validar a inclusao de MDR minimo Cat. Q no SEC;passed;2021-08-10 14:16:56-0300                                
Validar Inclusao MDR Minimo SEC;validar-inclusao-de-mdr-minimo-no-sec;CT.CAD.043.070 - Validar a inclusao de MDR minimo Cat. R no SEC;passed;2021-08-10 14:17:38-0300                             
Validar Inclusao MDR Minimo SEC;validar-inclusao-de-mdr-minimo-no-sec;CT.CAD.043.071 - Validar a inclusao de MDR minimo Cat. S no SEC;passed;2021-08-10 14:18:22-0300                          
Validar Inclusao MDR Minimo SEC;validar-inclusao-de-mdr-minimo-no-sec;CT.CAD.043.072 - Validar a inclusao de MDR minimo Cat. T no SEC;passed;2021-08-10 14:19:04-0300                       
Validar Inclusao MDR Minimo SEC;validar-inclusao-de-mdr-minimo-no-sec;CT.CAD.043.073 - Validar a inclusao de MDR minimo Cat. U no SEC;passed;2021-08-10 14:19:46-0300                    
Validar Inclusao MDR Minimo SEC;validar-inclusao-de-mdr-minimo-no-sec;CT.CAD.043.075 - Validar a inclusao de MDR minimo Cat. W no SEC;passed;2021-08-10 14:20:29-0300                 
Validar Inclusao MDR Minimo SEC;validar-inclusao-de-mdr-minimo-no-sec;CT.CAD.043.076 - Validar a inclusao de MDR minimo Cat. X no SEC;passed;2021-08-10 14:21:11-0300              
Validar Inclusao MDR Minimo SEC;validar-inclusao-de-mdr-minimo-no-sec;CT.CAD.043.077 - Validar a inclusao de MDR minimo Cat. Y no SEC;passed;2021-08-10 14:21:53-0300           
Validar Inclusao MDR Minimo SEC;validar-inclusao-de-mdr-minimo-no-sec;CT.CAD.043.078 - Validar a inclusao de MDR minimo Cat. Z no SEC;passed;2021-08-10 14:22:35-0300        
Validar Inclusao MDR Minimo SEC;validar-inclusao-de-mdr-minimo-no-sec;CT.CAD.043.078 - Validar a inclusao de MDR minimo Cat. Z no SEC;passed;2021-08-10 14:22:36-0300      
Validar Inclusao MDR Minimo SEC;validar-inclusao-de-mdr-minimo-no-sec;CT.CAD.043.240 - Validar a inclusao de MDR minimo Cat. 1 no SEC;passed;2021-08-10 14:23:18-0300     
Validar Inclusao MDR Minimo SEC;validar-inclusao-de-mdr-minimo-no-sec;CT.CAD.043.249 - Validar a inclusao de MDR minimo Cat. 0 no SEC;failed;2021-08-10 14:23:59-0300  
