nome_projeto;featura_nome_teste;id_test;status;data_execucao                                                                               
RPA Compras - DocuSign;atualização-de-dados-dos-clientes-que-assinaram-o-contrato;Inicializacao do driver;failed;2021-08-06 12:00:46-0300                                                                              
RPA Compras - DocuSign;atualização-de-dados-dos-clientes-que-assinaram-o-contrato;Acesso ao site qual será retirado os dados para a exportação;failed;2021-08-06 12:00:46-0300                                                                             
RPA Compras - DocuSign;atualização-de-dados-dos-clientes-que-assinaram-o-contrato;Encerramento do driver;passed;2021-08-06 12:00:46-0300                                                                         
RPA Compras - DocuSign;atualização-de-dados-dos-clientes-que-assinaram-o-contrato;Inicializacao do driver;failed;2021-08-06 17:14:35-0300                                                                       
RPA Compras - DocuSign;atualização-de-dados-dos-clientes-que-assinaram-o-contrato;Acesso ao site qual será retirado os dados para a exportação;failed;2021-08-06 17:14:35-0300                                                                     
RPA Compras - DocuSign;atualização-de-dados-dos-clientes-que-assinaram-o-contrato;Encerramento do driver;passed;2021-08-06 17:14:35-0300                                                                 
RPA Compras - DocuSign;atualização-de-dados-dos-clientes-que-assinaram-o-contrato;Inicializacao do driver;failed;2021-08-07 12:00:54-0300                                                               
RPA Compras - DocuSign;atualização-de-dados-dos-clientes-que-assinaram-o-contrato;Inicializacao do driver;failed;2021-08-07 12:00:55-0300                                                              
RPA Compras - DocuSign;atualização-de-dados-dos-clientes-que-assinaram-o-contrato;Acesso ao site qual será retirado os dados para a exportação;failed;2021-08-07 12:00:55-0300                                                             
RPA Compras - DocuSign;atualização-de-dados-dos-clientes-que-assinaram-o-contrato;Encerramento do driver;passed;2021-08-07 12:00:55-0300                                                         
RPA Compras - DocuSign;atualização-de-dados-dos-clientes-que-assinaram-o-contrato;Inicializacao do driver;failed;2021-08-07 17:00:37-0300                                                       
RPA Compras - DocuSign;atualização-de-dados-dos-clientes-que-assinaram-o-contrato;Acesso ao site qual será retirado os dados para a exportação;failed;2021-08-07 17:00:37-0300                                                     
RPA Compras - DocuSign;atualização-de-dados-dos-clientes-que-assinaram-o-contrato;Encerramento do driver;passed;2021-08-07 17:00:37-0300                                                 
RPA Compras - DocuSign;atualização-de-dados-dos-clientes-que-assinaram-o-contrato;Inicializacao do driver;failed;2021-08-09 12:00:20-0300                                               
RPA Compras - DocuSign;atualização-de-dados-dos-clientes-que-assinaram-o-contrato;Acesso ao site qual será retirado os dados para a exportação;failed;2021-08-09 12:00:20-0300                                             
RPA Compras - DocuSign;atualização-de-dados-dos-clientes-que-assinaram-o-contrato;Encerramento do driver;passed;2021-08-09 12:00:20-0300                                         
RPA Compras - DocuSign;atualização-de-dados-dos-clientes-que-assinaram-o-contrato;Inicializacao do driver;failed;2021-08-09 17:00:16-0300                                       
RPA Compras - DocuSign;atualização-de-dados-dos-clientes-que-assinaram-o-contrato;Acesso ao site qual será retirado os dados para a exportação;failed;2021-08-09 17:00:16-0300                                     
RPA Compras - DocuSign;atualização-de-dados-dos-clientes-que-assinaram-o-contrato;Acesso ao site qual será retirado os dados para a exportação;failed;2021-08-09 17:00:17-0300                                   
RPA Compras - DocuSign;atualização-de-dados-dos-clientes-que-assinaram-o-contrato;Encerramento do driver;passed;2021-08-09 17:00:17-0300                                 
RPA Compras - DocuSign;atualização-de-dados-dos-clientes-que-assinaram-o-contrato;Inicializacao do driver;failed;2021-08-10 12:00:23-0300                               
RPA Compras - DocuSign;atualização-de-dados-dos-clientes-que-assinaram-o-contrato;Acesso ao site qual será retirado os dados para a exportação;failed;2021-08-10 12:00:23-0300                             
RPA Compras - DocuSign;atualização-de-dados-dos-clientes-que-assinaram-o-contrato;Encerramento do driver;passed;2021-08-10 12:00:23-0300                         
RPA Compras - DocuSign;atualização-de-dados-dos-clientes-que-assinaram-o-contrato;Inicializacao do driver;failed;2021-08-10 17:00:20-0300                       
RPA Compras - DocuSign;atualização-de-dados-dos-clientes-que-assinaram-o-contrato;Acesso ao site qual será retirado os dados para a exportação;failed;2021-08-10 17:00:20-0300                     
RPA Compras - DocuSign;atualização-de-dados-dos-clientes-que-assinaram-o-contrato;Encerramento do driver;passed;2021-08-10 17:00:20-0300                 
RPA Compras - DocuSign;atualização-de-dados-dos-clientes-que-assinaram-o-contrato;Inicializacao do driver;failed;2021-08-11 12:00:39-0300               
RPA Compras - DocuSign;atualização-de-dados-dos-clientes-que-assinaram-o-contrato;Acesso ao site qual será retirado os dados para a exportação;failed;2021-08-11 12:00:39-0300             
RPA Compras - DocuSign;atualização-de-dados-dos-clientes-que-assinaram-o-contrato;Encerramento do driver;passed;2021-08-11 12:00:40-0300         
RPA Compras - DocuSign;atualização-de-dados-dos-clientes-que-assinaram-o-contrato;Inicializacao do driver;failed;2021-08-11 17:00:25-0300       
RPA Compras - DocuSign;atualização-de-dados-dos-clientes-que-assinaram-o-contrato;Acesso ao site qual será retirado os dados para a exportação;failed;2021-08-11 17:00:25-0300     
RPA Compras - DocuSign;atualização-de-dados-dos-clientes-que-assinaram-o-contrato;Encerramento do driver;passed;2021-08-11 17:00:25-0300 
