nome_projeto;featura_nome_teste;id_test;status;data_execucao                                                                                                                                                                 
Validar Inclusao MDR Minimo STAR;validar-inclusao-mdr-minimo---star;CT.CAD.043.027 - Validar a inclusao de MDR minimo Cat. A no STAR;failed;2021-08-06 14:11:10-0300                                                                                                                                                                
Validar Inclusao MDR Minimo STAR;validar-inclusao-mdr-minimo---star;CT.CAD.043.028 - Validar a inclusao de MDR minimo Cat. B no STAR;failed;2021-08-06 14:11:33-0300                                                                                                                                                              
Validar Inclusao MDR Minimo STAR;validar-inclusao-mdr-minimo---star;CT.CAD.043.028 - Validar a inclusao de MDR minimo Cat. B no STAR;failed;2021-08-06 14:11:34-0300                                                                                                                                                             
Validar Inclusao MDR Minimo STAR;validar-inclusao-mdr-minimo---star;CT.CAD.043.029 - Validar a inclusao de MDR minimo Cat. C no STAR;failed;2021-08-06 14:11:58-0300                                                                                                                                                           
Validar Inclusao MDR Minimo STAR;validar-inclusao-mdr-minimo---star;CT.CAD.043.029 - Validar a inclusao de MDR minimo Cat. C no STAR;failed;2021-08-06 14:11:59-0300                                                                                                                                                          
Validar Inclusao MDR Minimo STAR;validar-inclusao-mdr-minimo---star;CT.CAD.043.030 - Validar a inclusao de MDR minimo Cat. D no STAR;failed;2021-08-06 14:12:22-0300                                                                                                                                                        
Validar Inclusao MDR Minimo STAR;validar-inclusao-mdr-minimo---star;CT.CAD.043.031 - Validar a inclusao de MDR minimo Cat. E no STAR;failed;2021-08-06 14:12:45-0300                                                                                                                                                     
Validar Inclusao MDR Minimo STAR;validar-inclusao-mdr-minimo---star;CT.CAD.043.032 - Validar a inclusao de MDR minimo Cat. F no STAR;failed;2021-08-06 14:13:06-0300                                                                                                                                                  
Validar Inclusao MDR Minimo STAR;validar-inclusao-mdr-minimo---star;CT.CAD.043.032 - Validar a inclusao de MDR minimo Cat. F no STAR;failed;2021-08-06 14:13:07-0300                                                                                                                                                 
Validar Inclusao MDR Minimo STAR;validar-inclusao-mdr-minimo---star;CT.CAD.043.033 - Validar a inclusao de MDR minimo Cat. G no STAR;failed;2021-08-06 14:13:31-0300                                                                                                                                               
Validar Inclusao MDR Minimo STAR;validar-inclusao-mdr-minimo---star;CT.CAD.043.034 - Validar a inclusao de MDR minimo Cat. H no STAR;failed;2021-08-06 14:13:55-0300                                                                                                                                            
Validar Inclusao MDR Minimo STAR;validar-inclusao-mdr-minimo---star;CT.CAD.043.034 - Validar a inclusao de MDR minimo Cat. H no STAR;failed;2021-08-06 14:13:56-0300                                                                                                                                           
Validar Inclusao MDR Minimo STAR;validar-inclusao-mdr-minimo---star;CT.CAD.043.035 - Validar a inclusao de MDR minimo Cat. I no STAR;failed;2021-08-06 14:14:20-0300                                                                                                                                         
Validar Inclusao MDR Minimo STAR;validar-inclusao-mdr-minimo---star;CT.CAD.043.036 - Validar a inclusao de MDR minimo Cat. J no STAR;failed;2021-08-06 14:14:44-0300                                                                                                                                      
Validar Inclusao MDR Minimo STAR;validar-inclusao-mdr-minimo---star;CT.CAD.043.037 - Validar a inclusao de MDR minimo Cat. K no STAR;failed;2021-08-06 14:15:07-0300                                                                                                                                   
Validar Inclusao MDR Minimo STAR;validar-inclusao-mdr-minimo---star;CT.CAD.043.038 - Validar a inclusao de MDR minimo Cat. L no STAR;failed;2021-08-06 14:15:32-0300                                                                                                                                
Validar Inclusao MDR Minimo STAR;validar-inclusao-mdr-minimo---star;CT.CAD.043.038 - Validar a inclusao de MDR minimo Cat. L no STAR;failed;2021-08-06 14:15:33-0300                                                                                                                               
Validar Inclusao MDR Minimo STAR;validar-inclusao-mdr-minimo---star;CT.CAD.043.039 - Validar a inclusao de MDR minimo Cat. M no STAR;failed;2021-08-06 14:15:57-0300                                                                                                                             
Validar Inclusao MDR Minimo STAR;validar-inclusao-mdr-minimo---star;CT.CAD.043.039 - Validar a inclusao de MDR minimo Cat. M no STAR;failed;2021-08-06 14:15:58-0300                                                                                                                            
Validar Inclusao MDR Minimo STAR;validar-inclusao-mdr-minimo---star;CT.CAD.043.040 - Validar a inclusao de MDR minimo Cat. N no STAR;failed;2021-08-06 14:16:23-0300                                                                                                                          
Validar Inclusao MDR Minimo STAR;validar-inclusao-mdr-minimo---star;CT.CAD.043.040 - Validar a inclusao de MDR minimo Cat. N no STAR;failed;2021-08-06 14:16:24-0300                                                                                                                         
Validar Inclusao MDR Minimo STAR;validar-inclusao-mdr-minimo---star;CT.CAD.043.041 - Validar a inclusao de MDR minimo Cat. O no STAR;failed;2021-08-06 14:16:48-0300                                                                                                                       
Validar Inclusao MDR Minimo STAR;validar-inclusao-mdr-minimo---star;CT.CAD.043.042 - Validar a inclusao de MDR minimo Cat. P no STAR;failed;2021-08-06 14:17:12-0300                                                                                                                    
Validar Inclusao MDR Minimo STAR;validar-inclusao-mdr-minimo---star;CT.CAD.043.043 - Validar a inclusao de MDR minimo Cat. Q no STAR;failed;2021-08-06 14:17:36-0300                                                                                                                 
Validar Inclusao MDR Minimo STAR;validar-inclusao-mdr-minimo---star;CT.CAD.043.044 - Validar a inclusao de MDR minimo Cat. R no STAR;failed;2021-08-06 14:18:00-0300                                                                                                              
Validar Inclusao MDR Minimo STAR;validar-inclusao-mdr-minimo---star;CT.CAD.043.044 - Validar a inclusao de MDR minimo Cat. R no STAR;failed;2021-08-06 14:18:01-0300                                                                                                             
Validar Inclusao MDR Minimo STAR;validar-inclusao-mdr-minimo---star;CT.CAD.043.045 - Validar a inclusao de MDR minimo Cat. S no STAR;failed;2021-08-06 14:18:26-0300                                                                                                           
Validar Inclusao MDR Minimo STAR;validar-inclusao-mdr-minimo---star;CT.CAD.043.045 - Validar a inclusao de MDR minimo Cat. S no STAR;failed;2021-08-06 14:18:27-0300                                                                                                          
Validar Inclusao MDR Minimo STAR;validar-inclusao-mdr-minimo---star;CT.CAD.043.046 - Validar a inclusao de MDR minimo Cat. T no STAR;failed;2021-08-06 14:18:50-0300                                                                                                        
Validar Inclusao MDR Minimo STAR;validar-inclusao-mdr-minimo---star;CT.CAD.043.047 - Validar a inclusao de MDR minimo Cat. U no STAR;failed;2021-08-06 14:19:14-0300                                                                                                     
Validar Inclusao MDR Minimo STAR;validar-inclusao-mdr-minimo---star;CT.CAD.043.047 - Validar a inclusao de MDR minimo Cat. U no STAR;failed;2021-08-06 14:19:15-0300                                                                                                    
Validar Inclusao MDR Minimo STAR;validar-inclusao-mdr-minimo---star;CT.CAD.043.049 - Validar a inclusao de MDR minimo Cat. W no STAR;failed;2021-08-06 14:19:40-0300                                                                                                  
Validar Inclusao MDR Minimo STAR;validar-inclusao-mdr-minimo---star;CT.CAD.043.049 - Validar a inclusao de MDR minimo Cat. W no STAR;failed;2021-08-06 14:19:41-0300                                                                                                 
Validar Inclusao MDR Minimo STAR;validar-inclusao-mdr-minimo---star;CT.CAD.043.050 - Validar a inclusao de MDR minimo Cat. X no STAR;failed;2021-08-06 14:20:04-0300                                                                                               
Validar Inclusao MDR Minimo STAR;validar-inclusao-mdr-minimo---star;CT.CAD.043.051 - Validar a inclusao de MDR minimo Cat. Y no STAR;failed;2021-08-06 14:20:28-0300                                                                                            
Validar Inclusao MDR Minimo STAR;validar-inclusao-mdr-minimo---star;CT.CAD.043.051 - Validar a inclusao de MDR minimo Cat. Y no STAR;failed;2021-08-06 14:20:29-0300                                                                                           
Validar Inclusao MDR Minimo STAR;validar-inclusao-mdr-minimo---star;CT.CAD.043.052 - Validar a inclusao de MDR minimo Cat. Z no STAR;failed;2021-08-06 14:20:52-0300                                                                                         
Validar Inclusao MDR Minimo STAR;validar-inclusao-mdr-minimo---star;CT.CAD.043.239 - Validar a inclusao de MDR minimo Cat. 1 no STAR;failed;2021-08-06 14:21:14-0300                                                                                      
Validar Inclusao MDR Minimo STAR;validar-inclusao-mdr-minimo---star;CT.CAD.043.248 - Validar a inclusao de MDR minimo Cat. 0 no STAR;failed;2021-08-06 14:21:38-0300                                                                                   
Validar Inclusao MDR Minimo STAR;validar-inclusao-mdr-minimo---star;CT.CAD.043.027 - Validar a inclusao de MDR minimo Cat. A no STAR;passed;2021-08-10 14:13:06-0300                                                                                
Validar Inclusao MDR Minimo STAR;validar-inclusao-mdr-minimo---star;CT.CAD.043.028 - Validar a inclusao de MDR minimo Cat. B no STAR;passed;2021-08-10 14:15:37-0300                                                                             
Validar Inclusao MDR Minimo STAR;validar-inclusao-mdr-minimo---star;CT.CAD.043.029 - Validar a inclusao de MDR minimo Cat. C no STAR;passed;2021-08-10 14:18:08-0300                                                                          
Validar Inclusao MDR Minimo STAR;validar-inclusao-mdr-minimo---star;CT.CAD.043.030 - Validar a inclusao de MDR minimo Cat. D no STAR;passed;2021-08-10 14:20:40-0300                                                                       
Validar Inclusao MDR Minimo STAR;validar-inclusao-mdr-minimo---star;CT.CAD.043.031 - Validar a inclusao de MDR minimo Cat. E no STAR;passed;2021-08-10 14:23:12-0300                                                                    
Validar Inclusao MDR Minimo STAR;validar-inclusao-mdr-minimo---star;CT.CAD.043.032 - Validar a inclusao de MDR minimo Cat. F no STAR;passed;2021-08-10 14:25:42-0300                                                                 
Validar Inclusao MDR Minimo STAR;validar-inclusao-mdr-minimo---star;CT.CAD.043.033 - Validar a inclusao de MDR minimo Cat. G no STAR;passed;2021-08-10 14:28:12-0300                                                              
Validar Inclusao MDR Minimo STAR;validar-inclusao-mdr-minimo---star;CT.CAD.043.033 - Validar a inclusao de MDR minimo Cat. G no STAR;passed;2021-08-10 14:28:13-0300                                                            
Validar Inclusao MDR Minimo STAR;validar-inclusao-mdr-minimo---star;CT.CAD.043.034 - Validar a inclusao de MDR minimo Cat. H no STAR;passed;2021-08-10 14:30:45-0300                                                           
Validar Inclusao MDR Minimo STAR;validar-inclusao-mdr-minimo---star;CT.CAD.043.035 - Validar a inclusao de MDR minimo Cat. I no STAR;passed;2021-08-10 14:33:16-0300                                                        
Validar Inclusao MDR Minimo STAR;validar-inclusao-mdr-minimo---star;CT.CAD.043.036 - Validar a inclusao de MDR minimo Cat. J no STAR;passed;2021-08-10 14:35:46-0300                                                     
Validar Inclusao MDR Minimo STAR;validar-inclusao-mdr-minimo---star;CT.CAD.043.036 - Validar a inclusao de MDR minimo Cat. J no STAR;passed;2021-08-10 14:35:47-0300                                                    
Validar Inclusao MDR Minimo STAR;validar-inclusao-mdr-minimo---star;CT.CAD.043.037 - Validar a inclusao de MDR minimo Cat. K no STAR;passed;2021-08-10 14:38:17-0300                                                  
Validar Inclusao MDR Minimo STAR;validar-inclusao-mdr-minimo---star;CT.CAD.043.038 - Validar a inclusao de MDR minimo Cat. L no STAR;passed;2021-08-10 14:40:48-0300                                               
Validar Inclusao MDR Minimo STAR;validar-inclusao-mdr-minimo---star;CT.CAD.043.039 - Validar a inclusao de MDR minimo Cat. M no STAR;passed;2021-08-10 14:43:19-0300                                            
Validar Inclusao MDR Minimo STAR;validar-inclusao-mdr-minimo---star;CT.CAD.043.040 - Validar a inclusao de MDR minimo Cat. N no STAR;passed;2021-08-10 14:45:50-0300                                         
Validar Inclusao MDR Minimo STAR;validar-inclusao-mdr-minimo---star;CT.CAD.043.041 - Validar a inclusao de MDR minimo Cat. O no STAR;passed;2021-08-10 14:48:21-0300                                      
Validar Inclusao MDR Minimo STAR;validar-inclusao-mdr-minimo---star;CT.CAD.043.042 - Validar a inclusao de MDR minimo Cat. P no STAR;passed;2021-08-10 14:50:52-0300                                   
Validar Inclusao MDR Minimo STAR;validar-inclusao-mdr-minimo---star;CT.CAD.043.043 - Validar a inclusao de MDR minimo Cat. Q no STAR;passed;2021-08-10 14:53:23-0300                                
Validar Inclusao MDR Minimo STAR;validar-inclusao-mdr-minimo---star;CT.CAD.043.044 - Validar a inclusao de MDR minimo Cat. R no STAR;passed;2021-08-10 14:55:55-0300                             
Validar Inclusao MDR Minimo STAR;validar-inclusao-mdr-minimo---star;CT.CAD.043.045 - Validar a inclusao de MDR minimo Cat. S no STAR;passed;2021-08-10 14:58:26-0300                          
Validar Inclusao MDR Minimo STAR;validar-inclusao-mdr-minimo---star;CT.CAD.043.046 - Validar a inclusao de MDR minimo Cat. T no STAR;passed;2021-08-10 15:00:57-0300                       
Validar Inclusao MDR Minimo STAR;validar-inclusao-mdr-minimo---star;CT.CAD.043.047 - Validar a inclusao de MDR minimo Cat. U no STAR;passed;2021-08-10 15:03:30-0300                    
Validar Inclusao MDR Minimo STAR;validar-inclusao-mdr-minimo---star;CT.CAD.043.049 - Validar a inclusao de MDR minimo Cat. W no STAR;passed;2021-08-10 15:06:00-0300                 
Validar Inclusao MDR Minimo STAR;validar-inclusao-mdr-minimo---star;CT.CAD.043.050 - Validar a inclusao de MDR minimo Cat. X no STAR;passed;2021-08-10 15:08:31-0300              
Validar Inclusao MDR Minimo STAR;validar-inclusao-mdr-minimo---star;CT.CAD.043.051 - Validar a inclusao de MDR minimo Cat. Y no STAR;passed;2021-08-10 15:11:03-0300           
Validar Inclusao MDR Minimo STAR;validar-inclusao-mdr-minimo---star;CT.CAD.043.052 - Validar a inclusao de MDR minimo Cat. Z no STAR;passed;2021-08-10 15:13:33-0300        
Validar Inclusao MDR Minimo STAR;validar-inclusao-mdr-minimo---star;CT.CAD.043.052 - Validar a inclusao de MDR minimo Cat. Z no STAR;passed;2021-08-10 15:13:34-0300       
Validar Inclusao MDR Minimo STAR;validar-inclusao-mdr-minimo---star;CT.CAD.043.239 - Validar a inclusao de MDR minimo Cat. 1 no STAR;passed;2021-08-10 15:16:05-0300     
Validar Inclusao MDR Minimo STAR;validar-inclusao-mdr-minimo---star;CT.CAD.043.248 - Validar a inclusao de MDR minimo Cat. 0 no STAR;passed;2021-08-10 15:18:35-0300  
