nome_projeto;featura_nome_teste;id_test;status;data_execucao                                                           
Hipercard - Default;calculo-de-mdr;Validar calculo de MDR para EC FULL STAR de uma venda POS Hipercard Credito a vista;passed;2021-08-05 21:44:13-0300                                                            
Hipercard - Default;calculo-de-mdr;Validar calculo de MDR para EC FULL STAR de uma venda POS Hipercard Credito a vista;passed;2021-08-05 21:44:13-0300                                                           
Hipercard - Default;calculo-de-mdr;Validar calculo de MDR para EC FULL STAR de uma venda POS Hipercard Credito a vista;passed;2021-08-05 21:44:13-0300                                                          
Hipercard - Default;calculo-de-mdr;Validar calculo de MDR para EC FULL STAR de uma venda POS Hipercard Crédito Parcelado Loja;failed;2021-08-05 21:48:53-0300                                                         
Hipercard - Default;calculo-de-mdr;Validar calculo de MDR para EC FULL STAR de uma venda POS Hipercard Crédito Parcelado Loja;failed;2021-08-05 21:48:54-0300                                                        
Hipercard - Default;calculo-de-mdr;Validar calculo de MDR para EC FULL STAR de uma venda POS Hipercard Crédito Parcelado Loja;failed;2021-08-05 21:48:54-0300                                                       
Hipercard - Default;calculo-de-mdr;Validar calculo de MDR para EC FULL STAR de uma venda POS Hipercard Crédito Parcelado Emissor;passed;2021-08-05 21:52:26-0300                                                      
Hipercard - Default;calculo-de-mdr;Validar calculo de MDR para EC FULL STAR de uma venda POS Hipercard Crédito Parcelado Emissor;passed;2021-08-05 21:52:26-0300                                                     
Hipercard - Default;calculo-de-mdr;Validar calculo de MDR para EC FULL STAR de uma venda POS Hipercard Crédito Parcelado Emissor;passed;2021-08-05 21:52:26-0300                                                    
Hipercard - Default;calculo-de-mdr;Validar calculo de MDR para EC CONVIVENCIA de uma venda POS Hipercard Credito a vista;failed;2021-08-05 21:52:40-0300                                                   
Hipercard - Default;calculo-de-mdr;Validar calculo de MDR para EC CONVIVENCIA de uma venda POS Hipercard Credito a vista;failed;2021-08-05 21:52:40-0300                                                  
Hipercard - Default;calculo-de-mdr;Validar calculo de MDR para EC CONVIVENCIA de uma venda POS Hipercard Credito a vista;failed;2021-08-05 21:52:41-0300                                                 
Hipercard - Default;calculo-de-mdr;Validar calculo de MDR para EC CONVIVENCIA de uma venda POS Hipercard Crédito Parcelado Loja;failed;2021-08-05 21:57:22-0300                                                
Hipercard - Default;calculo-de-mdr;Validar calculo de MDR para EC CONVIVENCIA de uma venda POS Hipercard Crédito Parcelado Loja;failed;2021-08-05 21:57:23-0300                                               
Hipercard - Default;calculo-de-mdr;Validar calculo de MDR para EC CONVIVENCIA de uma venda POS Hipercard Crédito Parcelado Loja;failed;2021-08-05 21:57:23-0300                                              
Hipercard - Default;calculo-de-mdr;Validar calculo de MDR para EC CONVIVENCIA de uma venda POS Hipercard Crédito Parcelado Emissor;failed;2021-08-05 21:57:37-0300                                             
Hipercard - Default;calculo-de-mdr;Validar calculo de MDR para EC CONVIVENCIA de uma venda POS Hipercard Crédito Parcelado Emissor;failed;2021-08-05 21:57:37-0300                                            
Hipercard - Default;calculo-de-mdr;Validar calculo de MDR para EC CONVIVENCIA de uma venda POS Hipercard Crédito Parcelado Emissor;failed;2021-08-05 21:57:37-0300                                           
Hipercard - Default;calculo-de-mdr;Validar calculo de MDR para EC FULL STAR de uma venda POS Hipercard Credito a vista;passed;2021-08-06 21:44:18-0300                                         
Hipercard - Default;calculo-de-mdr;Validar calculo de MDR para EC FULL STAR de uma venda POS Hipercard Crédito Parcelado Loja;failed;2021-08-06 21:49:01-0300                                      
Hipercard - Default;calculo-de-mdr;Validar calculo de MDR para EC FULL STAR de uma venda POS Hipercard Crédito Parcelado Emissor;passed;2021-08-06 21:52:33-0300                                   
Hipercard - Default;calculo-de-mdr;Validar calculo de MDR para EC CONVIVENCIA de uma venda POS Hipercard Credito a vista;failed;2021-08-06 21:52:47-0300                                
Hipercard - Default;calculo-de-mdr;Validar calculo de MDR para EC CONVIVENCIA de uma venda POS Hipercard Crédito Parcelado Loja;failed;2021-08-06 21:57:28-0300                             
Hipercard - Default;calculo-de-mdr;Validar calculo de MDR para EC CONVIVENCIA de uma venda POS Hipercard Crédito Parcelado Emissor;failed;2021-08-06 21:57:43-0300                          
Hipercard - Default;calculo-de-mdr;Validar calculo de MDR para EC FULL STAR de uma venda POS Hipercard Credito a vista;passed;2021-08-09 21:42:44-0300                       
Hipercard - Default;calculo-de-mdr;Validar calculo de MDR para EC FULL STAR de uma venda POS Hipercard Crédito Parcelado Loja;passed;2021-08-09 21:45:08-0300                    
Hipercard - Default;calculo-de-mdr;Validar calculo de MDR para EC FULL STAR de uma venda POS Hipercard Crédito Parcelado Loja;passed;2021-08-09 21:45:09-0300                   
Hipercard - Default;calculo-de-mdr;Validar calculo de MDR para EC FULL STAR de uma venda POS Hipercard Crédito Parcelado Emissor;failed;2021-08-09 21:47:25-0300                 
Hipercard - Default;calculo-de-mdr;Validar calculo de MDR para EC FULL STAR de uma venda POS Hipercard Crédito Parcelado Emissor;failed;2021-08-09 21:47:26-0300                
Hipercard - Default;calculo-de-mdr;Validar calculo de MDR para EC CONVIVENCIA de uma venda POS Hipercard Credito a vista;failed;2021-08-09 21:47:40-0300              
Hipercard - Default;calculo-de-mdr;Validar calculo de MDR para EC CONVIVENCIA de uma venda POS Hipercard Crédito Parcelado Loja;passed;2021-08-09 21:50:04-0300           
Hipercard - Default;calculo-de-mdr;Validar calculo de MDR para EC CONVIVENCIA de uma venda POS Hipercard Crédito Parcelado Emissor;failed;2021-08-09 21:50:18-0300        
Hipercard - Default;calculo-de-mdr;Validar calculo de MDR para EC CONVIVENCIA de uma venda POS Hipercard Crédito Parcelado Emissor;failed;2021-08-09 21:50:19-0300       
Hipercard - Default;calculo-de-mdr;Validar calculo de MDR para EC FULL STAR de uma venda POS Hipercard Credito a vista;passed;2021-08-10 21:42:48-0300     
Hipercard - Default;calculo-de-mdr;Validar calculo de MDR para EC FULL STAR de uma venda POS Hipercard Crédito Parcelado Loja;passed;2021-08-10 21:45:11-0300    
Hipercard - Default;calculo-de-mdr;Validar calculo de MDR para EC FULL STAR de uma venda POS Hipercard Crédito Parcelado Emissor;failed;2021-08-10 21:47:28-0300   
Hipercard - Default;calculo-de-mdr;Validar calculo de MDR para EC CONVIVENCIA de uma venda POS Hipercard Credito a vista;failed;2021-08-10 21:47:42-0300  
Hipercard - Default;calculo-de-mdr;Validar calculo de MDR para EC CONVIVENCIA de uma venda POS Hipercard Crédito Parcelado Loja;passed;2021-08-10 21:50:04-0300 
Hipercard - Default;calculo-de-mdr;Validar calculo de MDR para EC CONVIVENCIA de uma venda POS Hipercard Crédito Parcelado Emissor;failed;2021-08-10 21:50:17-0300
