nome_projeto;featura_nome_teste;id_test;status;data_execucao                                                                                                                                                                 
Validar Exclusao MDR Minimo - STAR;validar-exclusao-mdr-minimo---star;CT.CAD.043.183 - Validar a exclusão de MDR minimo Cat. A no STAR;passed;2021-08-06 16:14:55-0300                                                                                                                                                                
Validar Exclusao MDR Minimo - STAR;validar-exclusao-mdr-minimo---star;CT.CAD.043.184 - Validar a exclusão de MDR minimo Cat. B no STAR;passed;2021-08-06 16:19:02-0300                                                                                                                                                              
Validar Exclusao MDR Minimo - STAR;validar-exclusao-mdr-minimo---star;CT.CAD.043.185 - Validar a exclusão de MDR minimo Cat. C no STAR;passed;2021-08-06 16:23:09-0300                                                                                                                                                           
Validar Exclusao MDR Minimo - STAR;validar-exclusao-mdr-minimo---star;CT.CAD.043.186 - Validar a exclusão de MDR minimo Cat. D no STAR;passed;2021-08-06 16:27:16-0300                                                                                                                                                        
Validar Exclusao MDR Minimo - STAR;validar-exclusao-mdr-minimo---star;CT.CAD.043.187 - Validar a exclusão de MDR minimo Cat. E no STAR;passed;2021-08-06 16:31:23-0300                                                                                                                                                     
Validar Exclusao MDR Minimo - STAR;validar-exclusao-mdr-minimo---star;CT.CAD.043.188 - Validar a exclusão de MDR minimo Cat. F no STAR;passed;2021-08-06 16:35:30-0300                                                                                                                                                  
Validar Exclusao MDR Minimo - STAR;validar-exclusao-mdr-minimo---star;CT.CAD.043.189 - Validar a exclusão de MDR minimo Cat. G no STAR;passed;2021-08-06 16:39:37-0300                                                                                                                                               
Validar Exclusao MDR Minimo - STAR;validar-exclusao-mdr-minimo---star;CT.CAD.043.190 - Validar a exclusão de MDR minimo Cat. H no STAR;passed;2021-08-06 16:43:45-0300                                                                                                                                            
Validar Exclusao MDR Minimo - STAR;validar-exclusao-mdr-minimo---star;CT.CAD.043.191 - Validar a exclusão de MDR minimo Cat. I no STAR;passed;2021-08-06 16:47:52-0300                                                                                                                                         
Validar Exclusao MDR Minimo - STAR;validar-exclusao-mdr-minimo---star;CT.CAD.043.192 - Validar a exclusão de MDR minimo Cat. J no STAR;passed;2021-08-06 16:51:59-0300                                                                                                                                      
Validar Exclusao MDR Minimo - STAR;validar-exclusao-mdr-minimo---star;CT.CAD.043.193 - Validar a exclusão de MDR minimo Cat. K no STAR;passed;2021-08-06 16:56:05-0300                                                                                                                                   
Validar Exclusao MDR Minimo - STAR;validar-exclusao-mdr-minimo---star;CT.CAD.043.193 - Validar a exclusão de MDR minimo Cat. K no STAR;passed;2021-08-06 16:56:06-0300                                                                                                                                  
Validar Exclusao MDR Minimo - STAR;validar-exclusao-mdr-minimo---star;CT.CAD.043.194 - Validar a exclusão de MDR minimo Cat. L no STAR;passed;2021-08-06 17:00:13-0300                                                                                                                                
Validar Exclusao MDR Minimo - STAR;validar-exclusao-mdr-minimo---star;CT.CAD.043.195 - Validar a exclusão de MDR minimo Cat. M no STAR;passed;2021-08-06 17:04:21-0300                                                                                                                             
Validar Exclusao MDR Minimo - STAR;validar-exclusao-mdr-minimo---star;CT.CAD.043.196 - Validar a exclusão de MDR minimo Cat. N no STAR;passed;2021-08-06 17:08:28-0300                                                                                                                          
Validar Exclusao MDR Minimo - STAR;validar-exclusao-mdr-minimo---star;CT.CAD.043.197 - Validar a exclusão de MDR minimo Cat. O no STAR;passed;2021-08-06 17:12:35-0300                                                                                                                       
Validar Exclusao MDR Minimo - STAR;validar-exclusao-mdr-minimo---star;CT.CAD.043.197 - Validar a exclusão de MDR minimo Cat. O no STAR;passed;2021-08-06 17:12:36-0300                                                                                                                     
Validar Exclusao MDR Minimo - STAR;validar-exclusao-mdr-minimo---star;CT.CAD.043.198 - Validar a exclusão de MDR minimo Cat. P no STAR;passed;2021-08-06 17:16:43-0300                                                                                                                    
Validar Exclusao MDR Minimo - STAR;validar-exclusao-mdr-minimo---star;CT.CAD.043.199 - Validar a exclusão de MDR minimo Cat. Q no STAR;passed;2021-08-06 17:20:51-0300                                                                                                                 
Validar Exclusao MDR Minimo - STAR;validar-exclusao-mdr-minimo---star;CT.CAD.043.200 - Validar a exclusão de MDR minimo Cat. R no STAR;passed;2021-08-06 17:25:03-0300                                                                                                              
Validar Exclusao MDR Minimo - STAR;validar-exclusao-mdr-minimo---star;CT.CAD.043.201 - Validar a exclusão de MDR minimo Cat. S no STAR;passed;2021-08-06 17:29:10-0300                                                                                                           
Validar Exclusao MDR Minimo - STAR;validar-exclusao-mdr-minimo---star;CT.CAD.043.202 - Validar a exclusão de MDR minimo Cat. T no STAR;passed;2021-08-06 17:33:16-0300                                                                                                        
Validar Exclusao MDR Minimo - STAR;validar-exclusao-mdr-minimo---star;CT.CAD.043.202 - Validar a exclusão de MDR minimo Cat. T no STAR;passed;2021-08-06 17:33:17-0300                                                                                                      
Validar Exclusao MDR Minimo - STAR;validar-exclusao-mdr-minimo---star;CT.CAD.043.203 - Validar a exclusão de MDR minimo Cat. U no STAR;passed;2021-08-06 17:37:24-0300                                                                                                     
Validar Exclusao MDR Minimo - STAR;validar-exclusao-mdr-minimo---star;CT.CAD.043.205 - Validar a exclusão de MDR minimo Cat. W no STAR;passed;2021-08-06 17:41:33-0300                                                                                                  
Validar Exclusao MDR Minimo - STAR;validar-exclusao-mdr-minimo---star;CT.CAD.043.205 - Validar a exclusão de MDR minimo Cat. W no STAR;passed;2021-08-06 17:41:34-0300                                                                                                
Validar Exclusao MDR Minimo - STAR;validar-exclusao-mdr-minimo---star;CT.CAD.043.206 - Validar a exclusão de MDR minimo Cat. X no STAR;passed;2021-08-06 17:45:41-0300                                                                                               
Validar Exclusao MDR Minimo - STAR;validar-exclusao-mdr-minimo---star;CT.CAD.043.207 - Validar a exclusão de MDR minimo Cat. Y no STAR;passed;2021-08-06 17:49:48-0300                                                                                            
Validar Exclusao MDR Minimo - STAR;validar-exclusao-mdr-minimo---star;CT.CAD.043.208 - Validar a exclusão de MDR minimo Cat. Z no STAR;passed;2021-08-06 17:53:55-0300                                                                                         
Validar Exclusao MDR Minimo - STAR;validar-exclusao-mdr-minimo---star;CT.CAD.043.208 - Validar a exclusão de MDR minimo Cat. Z no STAR;passed;2021-08-06 17:53:56-0300                                                                                       
Validar Exclusao MDR Minimo - STAR;validar-exclusao-mdr-minimo---star;CT.CAD.043.245 - Validar a exclusão de MDR minimo Cat. 1 no STAR;passed;2021-08-06 17:58:03-0300                                                                                      
Validar Exclusao MDR Minimo - STAR;validar-exclusao-mdr-minimo---star;CT.CAD.043.254 - Validar a exclusão de MDR minimo Cat. 0 no STAR;passed;2021-08-06 18:02:10-0300                                                                                   
Validar Exclusao MDR Minimo - STAR;validar-exclusao-mdr-minimo---star;CT.CAD.043.183 - Validar a exclusão de MDR minimo Cat. A no STAR;passed;2021-08-10 16:14:43-0300                                                                                
Validar Exclusao MDR Minimo - STAR;validar-exclusao-mdr-minimo---star;CT.CAD.043.184 - Validar a exclusão de MDR minimo Cat. B no STAR;passed;2021-08-10 16:18:50-0300                                                                             
Validar Exclusao MDR Minimo - STAR;validar-exclusao-mdr-minimo---star;CT.CAD.043.185 - Validar a exclusão de MDR minimo Cat. C no STAR;passed;2021-08-10 16:22:58-0300                                                                          
Validar Exclusao MDR Minimo - STAR;validar-exclusao-mdr-minimo---star;CT.CAD.043.186 - Validar a exclusão de MDR minimo Cat. D no STAR;passed;2021-08-10 16:27:06-0300                                                                       
Validar Exclusao MDR Minimo - STAR;validar-exclusao-mdr-minimo---star;CT.CAD.043.187 - Validar a exclusão de MDR minimo Cat. E no STAR;passed;2021-08-10 16:31:14-0300                                                                    
Validar Exclusao MDR Minimo - STAR;validar-exclusao-mdr-minimo---star;CT.CAD.043.188 - Validar a exclusão de MDR minimo Cat. F no STAR;passed;2021-08-10 16:35:21-0300                                                                 
Validar Exclusao MDR Minimo - STAR;validar-exclusao-mdr-minimo---star;CT.CAD.043.189 - Validar a exclusão de MDR minimo Cat. G no STAR;passed;2021-08-10 16:39:29-0300                                                              
Validar Exclusao MDR Minimo - STAR;validar-exclusao-mdr-minimo---star;CT.CAD.043.190 - Validar a exclusão de MDR minimo Cat. H no STAR;passed;2021-08-10 16:43:36-0300                                                           
Validar Exclusao MDR Minimo - STAR;validar-exclusao-mdr-minimo---star;CT.CAD.043.191 - Validar a exclusão de MDR minimo Cat. I no STAR;passed;2021-08-10 16:47:43-0300                                                        
Validar Exclusao MDR Minimo - STAR;validar-exclusao-mdr-minimo---star;CT.CAD.043.192 - Validar a exclusão de MDR minimo Cat. J no STAR;passed;2021-08-10 16:51:51-0300                                                     
Validar Exclusao MDR Minimo - STAR;validar-exclusao-mdr-minimo---star;CT.CAD.043.193 - Validar a exclusão de MDR minimo Cat. K no STAR;passed;2021-08-10 16:55:59-0300                                                  
Validar Exclusao MDR Minimo - STAR;validar-exclusao-mdr-minimo---star;CT.CAD.043.194 - Validar a exclusão de MDR minimo Cat. L no STAR;passed;2021-08-10 17:00:06-0300                                               
Validar Exclusao MDR Minimo - STAR;validar-exclusao-mdr-minimo---star;CT.CAD.043.195 - Validar a exclusão de MDR minimo Cat. M no STAR;passed;2021-08-10 17:04:14-0300                                            
Validar Exclusao MDR Minimo - STAR;validar-exclusao-mdr-minimo---star;CT.CAD.043.196 - Validar a exclusão de MDR minimo Cat. N no STAR;passed;2021-08-10 17:08:21-0300                                         
Validar Exclusao MDR Minimo - STAR;validar-exclusao-mdr-minimo---star;CT.CAD.043.197 - Validar a exclusão de MDR minimo Cat. O no STAR;passed;2021-08-10 17:12:29-0300                                      
Validar Exclusao MDR Minimo - STAR;validar-exclusao-mdr-minimo---star;CT.CAD.043.198 - Validar a exclusão de MDR minimo Cat. P no STAR;passed;2021-08-10 17:16:37-0300                                   
Validar Exclusao MDR Minimo - STAR;validar-exclusao-mdr-minimo---star;CT.CAD.043.199 - Validar a exclusão de MDR minimo Cat. Q no STAR;passed;2021-08-10 17:20:44-0300                                
Validar Exclusao MDR Minimo - STAR;validar-exclusao-mdr-minimo---star;CT.CAD.043.200 - Validar a exclusão de MDR minimo Cat. R no STAR;passed;2021-08-10 17:24:51-0300                             
Validar Exclusao MDR Minimo - STAR;validar-exclusao-mdr-minimo---star;CT.CAD.043.201 - Validar a exclusão de MDR minimo Cat. S no STAR;passed;2021-08-10 17:28:58-0300                          
Validar Exclusao MDR Minimo - STAR;validar-exclusao-mdr-minimo---star;CT.CAD.043.202 - Validar a exclusão de MDR minimo Cat. T no STAR;passed;2021-08-10 17:33:05-0300                       
Validar Exclusao MDR Minimo - STAR;validar-exclusao-mdr-minimo---star;CT.CAD.043.203 - Validar a exclusão de MDR minimo Cat. U no STAR;passed;2021-08-10 17:37:13-0300                    
Validar Exclusao MDR Minimo - STAR;validar-exclusao-mdr-minimo---star;CT.CAD.043.205 - Validar a exclusão de MDR minimo Cat. W no STAR;passed;2021-08-10 17:41:20-0300                 
Validar Exclusao MDR Minimo - STAR;validar-exclusao-mdr-minimo---star;CT.CAD.043.206 - Validar a exclusão de MDR minimo Cat. X no STAR;passed;2021-08-10 17:45:27-0300              
Validar Exclusao MDR Minimo - STAR;validar-exclusao-mdr-minimo---star;CT.CAD.043.207 - Validar a exclusão de MDR minimo Cat. Y no STAR;passed;2021-08-10 17:49:34-0300           
Validar Exclusao MDR Minimo - STAR;validar-exclusao-mdr-minimo---star;CT.CAD.043.208 - Validar a exclusão de MDR minimo Cat. Z no STAR;passed;2021-08-10 17:53:41-0300        
Validar Exclusao MDR Minimo - STAR;validar-exclusao-mdr-minimo---star;CT.CAD.043.245 - Validar a exclusão de MDR minimo Cat. 1 no STAR;passed;2021-08-10 17:57:48-0300     
Validar Exclusao MDR Minimo - STAR;validar-exclusao-mdr-minimo---star;CT.CAD.043.254 - Validar a exclusão de MDR minimo Cat. 0 no STAR;passed;2021-08-10 18:01:55-0300  
