nome_projeto;featura_nome_teste;id_test;status;data_execucao                                                     
Incluir Ajuste Financeiro;ajuste-financeiro---inclusão;ID189905 Incluir ajuste financeiro para AMEX Crédito À vista com tipo de ajuste à Débito;passed;2021-08-09 14:01:03-0300                                                    
Incluir Ajuste Financeiro;ajuste-financeiro---inclusão;ID189956 Incluir ajuste financeiro para AMEX Crédito Parcelado loja com tipo de ajuste à CREDITO;passed;2021-08-09 14:01:29-0300                                                  
Incluir Ajuste Financeiro;ajuste-financeiro---inclusão;ID189967 Incluir ajuste financeiro para ELO Crédito À vista com tipo de ajuste à Débito;passed;2021-08-09 14:01:54-0300                                               
Incluir Ajuste Financeiro;ajuste-financeiro---inclusão;ID189969 Incluir ajuste financeiro para ELO Débito À vista com tipo de ajuste à Débito;passed;2021-08-09 14:02:19-0300                                            
Incluir Ajuste Financeiro;ajuste-financeiro---inclusão;ID189994 Incluir ajuste financeiro para ELO Crédito Parcelado loja com tipo de ajuste à Crédito;passed;2021-08-09 14:02:44-0300                                         
Incluir Ajuste Financeiro;ajuste-financeiro---inclusão;ID189994 Incluir ajuste financeiro para ELO Crédito Parcelado loja com tipo de ajuste à Crédito;passed;2021-08-09 14:02:45-0300                                       
Incluir Ajuste Financeiro;ajuste-financeiro---inclusão;ID189970 Incluir ajuste financeiro para HIPERCARD Crédito À vista com tipo de ajuste à Débito;passed;2021-08-09 14:03:10-0300                                      
Incluir Ajuste Financeiro;ajuste-financeiro---inclusão;ID189971 Incluir ajuste financeiro para HIPERCARD Crédito Parcelado loja com tipo de ajuste à Débito;passed;2021-08-09 14:03:35-0300                                   
Incluir Ajuste Financeiro;ajuste-financeiro---inclusão;ID196587 Incluir ajuste financeiro para JCB Crédito À vista com tipo de ajuste à Débito;passed;2021-08-09 14:04:00-0300                                
Incluir Ajuste Financeiro;ajuste-financeiro---inclusão;ID196587 Incluir ajuste financeiro para JCB Crédito À vista com tipo de ajuste à Débito;passed;2021-08-09 14:04:01-0300                               
Incluir Ajuste Financeiro;ajuste-financeiro---inclusão;ID196588 Incluir ajuste financeiro para JCB Crédito Parcelado loja com tipo de ajuste à Crédito;passed;2021-08-09 14:04:25-0300                             
Incluir Ajuste Financeiro;ajuste-financeiro---inclusão;ID189905 Incluir ajuste financeiro para AMEX Crédito À vista com tipo de ajuste à Débito;passed;2021-08-11 14:01:32-0300                          
Incluir Ajuste Financeiro;ajuste-financeiro---inclusão;ID189956 Incluir ajuste financeiro para AMEX Crédito Parcelado loja com tipo de ajuste à CREDITO;passed;2021-08-11 14:02:00-0300                       
Incluir Ajuste Financeiro;ajuste-financeiro---inclusão;ID189967 Incluir ajuste financeiro para ELO Crédito À vista com tipo de ajuste à Débito;passed;2021-08-11 14:02:25-0300                    
Incluir Ajuste Financeiro;ajuste-financeiro---inclusão;ID189969 Incluir ajuste financeiro para ELO Débito À vista com tipo de ajuste à Débito;passed;2021-08-11 14:02:56-0300                 
Incluir Ajuste Financeiro;ajuste-financeiro---inclusão;ID189994 Incluir ajuste financeiro para ELO Crédito Parcelado loja com tipo de ajuste à Crédito;passed;2021-08-11 14:03:22-0300              
Incluir Ajuste Financeiro;ajuste-financeiro---inclusão;ID189970 Incluir ajuste financeiro para HIPERCARD Crédito À vista com tipo de ajuste à Débito;passed;2021-08-11 14:03:49-0300           
Incluir Ajuste Financeiro;ajuste-financeiro---inclusão;ID189971 Incluir ajuste financeiro para HIPERCARD Crédito Parcelado loja com tipo de ajuste à Débito;passed;2021-08-11 14:04:15-0300        
Incluir Ajuste Financeiro;ajuste-financeiro---inclusão;ID196587 Incluir ajuste financeiro para JCB Crédito À vista com tipo de ajuste à Débito;passed;2021-08-11 14:04:41-0300     
Incluir Ajuste Financeiro;ajuste-financeiro---inclusão;ID196588 Incluir ajuste financeiro para JCB Crédito Parcelado loja com tipo de ajuste à Crédito;passed;2021-08-11 14:05:07-0300  
