nome_projeto;featura_nome_teste;id_test;status;data_execucao                                       
Hipercard - Receba Rapido;calculo-de-mdr;Validar calculo de MDR para EC FULL STAR de uma venda POS Hipercard Credito a vista com Receba Rapido;passed;2021-08-05 22:04:14-0300                                        
Hipercard - Receba Rapido;calculo-de-mdr;Validar calculo de MDR para EC FULL STAR de uma venda POS Hipercard Credito a vista com Receba Rapido;passed;2021-08-05 22:04:14-0300                                       
Hipercard - Receba Rapido;calculo-de-mdr;Validar calculo de MDR para EC FULL STAR de uma venda POS Hipercard Credito a vista com Receba Rapido;passed;2021-08-05 22:04:14-0300                                      
Hipercard - Receba Rapido;calculo-de-mdr;Validar calculo de MDR para EC FULL STAR de uma venda POS Hipercard Crédito Parcelado Loja com Receba Rapido;failed;2021-08-05 22:08:54-0300                                     
Hipercard - Receba Rapido;calculo-de-mdr;Validar calculo de MDR para EC FULL STAR de uma venda POS Hipercard Crédito Parcelado Loja com Receba Rapido;failed;2021-08-05 22:08:55-0300                                    
Hipercard - Receba Rapido;calculo-de-mdr;Validar calculo de MDR para EC FULL STAR de uma venda POS Hipercard Crédito Parcelado Loja com Receba Rapido;failed;2021-08-05 22:08:55-0300                                   
Hipercard - Receba Rapido;calculo-de-mdr;Validar calculo de MDR para EC CONVIVENCIA de uma venda POS Hipercard Credito a vista com Receba Rapido;passed;2021-08-05 22:12:26-0300                                  
Hipercard - Receba Rapido;calculo-de-mdr;Validar calculo de MDR para EC CONVIVENCIA de uma venda POS Hipercard Credito a vista com Receba Rapido;passed;2021-08-05 22:12:26-0300                                 
Hipercard - Receba Rapido;calculo-de-mdr;Validar calculo de MDR para EC CONVIVENCIA de uma venda POS Hipercard Credito a vista com Receba Rapido;passed;2021-08-05 22:12:26-0300                                
Hipercard - Receba Rapido;calculo-de-mdr;Validar calculo de MDR para EC CONVIVENCIA de uma venda POS Hipercard Crédito Parcelado Loja com Receba Rapido;failed;2021-08-05 22:17:06-0300                               
Hipercard - Receba Rapido;calculo-de-mdr;Validar calculo de MDR para EC CONVIVENCIA de uma venda POS Hipercard Crédito Parcelado Loja com Receba Rapido;failed;2021-08-05 22:17:07-0300                              
Hipercard - Receba Rapido;calculo-de-mdr;Validar calculo de MDR para EC CONVIVENCIA de uma venda POS Hipercard Crédito Parcelado Loja com Receba Rapido;failed;2021-08-05 22:17:07-0300                             
Hipercard - Receba Rapido;calculo-de-mdr;Validar calculo de MDR para EC FULL STAR de uma venda POS Hipercard Credito a vista com Receba Rapido;passed;2021-08-06 22:04:21-0300                           
Hipercard - Receba Rapido;calculo-de-mdr;Validar calculo de MDR para EC FULL STAR de uma venda POS Hipercard Crédito Parcelado Loja com Receba Rapido;failed;2021-08-06 22:09:01-0300                        
Hipercard - Receba Rapido;calculo-de-mdr;Validar calculo de MDR para EC CONVIVENCIA de uma venda POS Hipercard Credito a vista com Receba Rapido;passed;2021-08-06 22:12:32-0300                     
Hipercard - Receba Rapido;calculo-de-mdr;Validar calculo de MDR para EC CONVIVENCIA de uma venda POS Hipercard Crédito Parcelado Loja com Receba Rapido;failed;2021-08-06 22:17:12-0300                  
Hipercard - Receba Rapido;calculo-de-mdr;Validar calculo de MDR para EC CONVIVENCIA de uma venda POS Hipercard Crédito Parcelado Loja com Receba Rapido;failed;2021-08-06 22:17:13-0300                 
Hipercard - Receba Rapido;calculo-de-mdr;Validar calculo de MDR para EC FULL STAR de uma venda POS Hipercard Credito a vista com Receba Rapido;passed;2021-08-09 22:02:45-0300               
Hipercard - Receba Rapido;calculo-de-mdr;Validar calculo de MDR para EC FULL STAR de uma venda POS Hipercard Crédito Parcelado Loja com Receba Rapido;failed;2021-08-09 22:05:26-0300            
Hipercard - Receba Rapido;calculo-de-mdr;Validar calculo de MDR para EC CONVIVENCIA de uma venda POS Hipercard Credito a vista com Receba Rapido;passed;2021-08-09 22:07:37-0300         
Hipercard - Receba Rapido;calculo-de-mdr;Validar calculo de MDR para EC CONVIVENCIA de uma venda POS Hipercard Crédito Parcelado Loja com Receba Rapido;failed;2021-08-09 22:10:18-0300      
Hipercard - Receba Rapido;calculo-de-mdr;Validar calculo de MDR para EC FULL STAR de uma venda POS Hipercard Credito a vista com Receba Rapido;passed;2021-08-10 22:02:47-0300   
Hipercard - Receba Rapido;calculo-de-mdr;Validar calculo de MDR para EC FULL STAR de uma venda POS Hipercard Crédito Parcelado Loja com Receba Rapido;failed;2021-08-10 22:05:28-0300  
Hipercard - Receba Rapido;calculo-de-mdr;Validar calculo de MDR para EC CONVIVENCIA de uma venda POS Hipercard Credito a vista com Receba Rapido;passed;2021-08-10 22:07:38-0300 
Hipercard - Receba Rapido;calculo-de-mdr;Validar calculo de MDR para EC CONVIVENCIA de uma venda POS Hipercard Crédito Parcelado Loja com Receba Rapido;failed;2021-08-10 22:10:18-0300
