nome_projeto;featura_nome_teste;id_test;status;data_execucao                                                                             
Validar Tratamento de Vendas;tratamento-de-venda;[ 201823 ] Validar na Agenda do EC Tratamento de Venda para transação AMEX Crédito À Vista Autorização Desfeita;failed;2021-08-10 09:30:36-0300                                                                            
Validar Tratamento de vendas;tratamento-de-venda;[ 201823 ] Validar na Agenda do EC Tratamento de Venda para transação AMEX Crédito À Vista Autorização Desfeita;failed;2021-08-10 09:30:37-0300                                                                          
Validar Tratamento de Vendas;tratamento-de-venda;[ 201824 ] Validar na Agenda do EC Tratamento de Venda para transação AMEX Crédito Parcelado Loja Autorização Negada;failed;2021-08-10 09:30:38-0300                                                                       
Validar Tratamento de vendas;tratamento-de-venda;[ 201824 ] Validar na Agenda do EC Tratamento de Venda para transação AMEX Crédito Parcelado Loja Autorização Negada;failed;2021-08-10 09:30:38-0300                                                                    
Validar Tratamento de Vendas;tratamento-de-venda;[ 201825 ] Validar na Agenda do EC Tratamento de Venda para transação AMEX Crédito Parcelado Emissor Autorização Desfeita;failed;2021-08-10 09:30:39-0300                                                                 
Validar Tratamento de vendas;tratamento-de-venda;[ 201825 ] Validar na Agenda do EC Tratamento de Venda para transação AMEX Crédito Parcelado Emissor Autorização Desfeita;failed;2021-08-10 09:30:39-0300                                                              
Validar Tratamento de vendas;tratamento-de-venda;[ 201825 ] Validar na Agenda do EC Tratamento de Venda para transação AMEX Crédito Parcelado Emissor Autorização Desfeita;failed;2021-08-10 09:30:40-0300                                                            
Validar Tratamento de Vendas;tratamento-de-venda;[ 201826 ] Validar na Agenda do EC Tratamento de Venda para transação ELO Débito Autorização Desfeita;failed;2021-08-10 09:30:40-0300                                                           
Validar Tratamento de vendas;tratamento-de-venda;[ 201826 ] Validar na Agenda do EC Tratamento de Venda para transação ELO Débito Autorização Desfeita;failed;2021-08-10 09:30:41-0300                                                        
Validar Tratamento de Vendas;tratamento-de-venda;[ 201827 ] Validar na Agenda do EC Tratamento de Venda para transação ELO Crédito À Vista Autorização Desfeita;failed;2021-08-10 09:30:42-0300                                                     
Validar Tratamento de vendas;tratamento-de-venda;[ 201827 ] Validar na Agenda do EC Tratamento de Venda para transação ELO Crédito À Vista Autorização Desfeita;failed;2021-08-10 09:30:42-0300                                                  
Validar Tratamento de Vendas;tratamento-de-venda;[ 201828 ] Validar na Agenda do EC Tratamento de Venda para transação  ELO Crédito Parcelado Loja Autorização Negada;failed;2021-08-10 09:30:43-0300                                               
Validar Tratamento de vendas;tratamento-de-venda;[ 201828 ] Validar na Agenda do EC Tratamento de Venda para transação  ELO Crédito Parcelado Loja Autorização Negada;failed;2021-08-10 09:30:44-0300                                            
Validar Tratamento de Vendas;tratamento-de-venda;[ 201829 ] Validar na Agenda do EC Tratamento de Venda para transação MASTERCARD Crédito Parcelado Emissor Autorização Negada;failed;2021-08-10 09:30:44-0300                                         
Validar Tratamento de vendas;tratamento-de-venda;[ 201829 ] Validar na Agenda do EC Tratamento de Venda para transação MASTERCARD Crédito Parcelado Emissor Autorização Negada;failed;2021-08-10 09:30:45-0300                                      
Validar Tratamento de Vendas;tratamento-de-venda;[ 201830 ] Validar na Agenda do EC Tratamento de Venda para transação HIPERCARD Crédito À Vista Autorização Negada;failed;2021-08-10 09:30:45-0300                                   
Validar Tratamento de vendas;tratamento-de-venda;[ 201830 ] Validar na Agenda do EC Tratamento de Venda para transação HIPERCARD Crédito À Vista Autorização Negada;failed;2021-08-10 09:30:46-0300                                
Validar Tratamento de Vendas;tratamento-de-venda;[ 201831 ] Validar na Agenda do EC Tratamento de Venda para transação HIPERCARD Crédito Parcelado Loja Autorização Desfeita;failed;2021-08-10 09:30:47-0300                             
Validar Tratamento de vendas;tratamento-de-venda;[ 201831 ] Validar na Agenda do EC Tratamento de Venda para transação HIPERCARD Crédito Parcelado Loja Autorização Desfeita;failed;2021-08-10 09:30:48-0300                          
Validar Tratamento de Vendas;tratamento-de-venda;[ 201832 ] Validar na Agenda do EC Tratamento de Venda para transação HIPERCARD Crédito Parcelado Emissor Autorização Negada;failed;2021-08-10 09:30:48-0300                       
Validar Tratamento de vendas;tratamento-de-venda;[ 201832 ] Validar na Agenda do EC Tratamento de Venda para transação HIPERCARD Crédito Parcelado Emissor Autorização Negada;failed;2021-08-10 09:30:49-0300                    
Validar Tratamento de Vendas;tratamento-de-venda;[ 201833 ] Validar na Agenda do EC Tratamento de Venda para transação JCB Crédito À Vista Autorização Negada;failed;2021-08-10 09:30:49-0300                 
Validar Tratamento de vendas;tratamento-de-venda;[ 201833 ] Validar na Agenda do EC Tratamento de Venda para transação JCB Crédito À Vista Autorização Negada;failed;2021-08-10 09:30:50-0300              
Validar Tratamento de Vendas;tratamento-de-venda;[ 201834 ] Validar na Agenda do EC Tratamento de Venda para transação JCB Crédito Parcelado Loja Autorização Negada;failed;2021-08-10 09:30:50-0300           
Validar Tratamento de vendas;tratamento-de-venda;[ 201834 ] Validar na Agenda do EC Tratamento de Venda para transação JCB Crédito Parcelado Loja Autorização Negada;failed;2021-08-10 09:30:51-0300        
Validar Tratamento de Vendas;tratamento-de-venda;[ 201835 ] Validar na Agenda do EC Tratamento de Venda para transação JCB Crédito Parcelado Emissor Autorização Desfeita;failed;2021-08-10 09:30:52-0300     
Validar Tratamento de vendas;tratamento-de-venda;[ 201835 ] Validar na Agenda do EC Tratamento de Venda para transação JCB Crédito Parcelado Emissor Autorização Desfeita;failed;2021-08-10 09:30:53-0300  
