nome_projeto;featura_nome_teste;id_test;status;data_execucao                                                     
Aprovar Ajuste Financeiro;ajuste-financeiro---aprovação;ID189910 Aprovar solicitação de ajuste à Débito para AMEX Crédito À vista;passed;2021-08-09 16:01:17-0300                                                    
Aprovar Ajuste Financeiro;ajuste-financeiro---aprovação;ID189912 Aprovar solicitação de ajuste à Débito para AMEX Crédito Parcelado loja;passed;2021-08-09 16:01:32-0300                                                  
Aprovar Ajuste Financeiro;ajuste-financeiro---aprovação;ID189909 Aprovar solicitação de ajuste à Débito para ELO Crédito À vista;passed;2021-08-09 16:01:48-0300                                               
Aprovar Ajuste Financeiro;ajuste-financeiro---aprovação;ID189915 Aprovar solicitação de ajuste à Débito para ELO Débito À vista;passed;2021-08-09 16:02:04-0300                                            
Aprovar Ajuste Financeiro;ajuste-financeiro---aprovação;ID189955 Aprovar solicitação de ajuste à Crédito para ELO Crédito Parcelado loja;passed;2021-08-09 16:02:20-0300                                         
Aprovar Ajuste Financeiro;ajuste-financeiro---aprovação;ID189918 Aprovar solicitação de ajuste à Débito para HIPERCARD Crédito À vista;passed;2021-08-09 16:02:33-0300                                      
Aprovar Ajuste Financeiro;ajuste-financeiro---aprovação;ID189921 Aprovar solicitação de ajuste à Débito para HIPERCARD Crédito Parcelado loja;passed;2021-08-09 16:02:46-0300                                   
Aprovar Ajuste Financeiro;ajuste-financeiro---aprovação;ID196584 Aprovar solicitação de ajuste à Débito para JCB Crédito À vista;passed;2021-08-09 16:03:04-0300                                
Aprovar Ajuste Financeiro;ajuste-financeiro---aprovação;ID196583 Aprovar solicitação de ajuste à Crédito para JCB Crédito Parcelado loja;passed;2021-08-09 16:03:20-0300                             
Aprovar Ajuste Financeiro;ajuste-financeiro---aprovação;ID189910 Aprovar solicitação de ajuste à Débito para AMEX Crédito À vista;passed;2021-08-11 16:01:23-0300                          
Aprovar Ajuste Financeiro;ajuste-financeiro---aprovação;ID189912 Aprovar solicitação de ajuste à Débito para AMEX Crédito Parcelado loja;passed;2021-08-11 16:01:39-0300                       
Aprovar Ajuste Financeiro;ajuste-financeiro---aprovação;ID189909 Aprovar solicitação de ajuste à Débito para ELO Crédito À vista;passed;2021-08-11 16:01:55-0300                    
Aprovar Ajuste Financeiro;ajuste-financeiro---aprovação;ID189915 Aprovar solicitação de ajuste à Débito para ELO Débito À vista;passed;2021-08-11 16:02:09-0300                 
Aprovar Ajuste Financeiro;ajuste-financeiro---aprovação;ID189955 Aprovar solicitação de ajuste à Crédito para ELO Crédito Parcelado loja;passed;2021-08-11 16:02:23-0300              
Aprovar Ajuste Financeiro;ajuste-financeiro---aprovação;ID189918 Aprovar solicitação de ajuste à Débito para HIPERCARD Crédito À vista;passed;2021-08-11 16:02:39-0300           
Aprovar Ajuste Financeiro;ajuste-financeiro---aprovação;ID189921 Aprovar solicitação de ajuste à Débito para HIPERCARD Crédito Parcelado loja;passed;2021-08-11 16:02:55-0300        
Aprovar Ajuste Financeiro;ajuste-financeiro---aprovação;ID196584 Aprovar solicitação de ajuste à Débito para JCB Crédito À vista;passed;2021-08-11 16:03:11-0300     
Aprovar Ajuste Financeiro;ajuste-financeiro---aprovação;ID196583 Aprovar solicitação de ajuste à Crédito para JCB Crédito Parcelado loja;passed;2021-08-11 16:03:28-0300  
