nome_projeto;featura_nome_teste;id_test;status;data_execucao                                       
Amex - Mdr Minimo;calculo-de-mdr;Validar calculo de MDR para EC FULL STAR de uma venda POS Amex Credito a vista com MDR Minimo elegivel;passed;2021-08-05 21:14:14-0300                                        
Amex - Mdr Minimo;calculo-de-mdr;Validar calculo de MDR para EC FULL STAR de uma venda POS Amex Credito a vista com MDR Minimo elegivel;passed;2021-08-05 21:14:14-0300                                       
Amex - Mdr Minimo;calculo-de-mdr;Validar calculo de MDR para EC FULL STAR de uma venda POS Amex Credito a vista com MDR Minimo elegivel;passed;2021-08-05 21:14:14-0300                                      
Amex - Mdr Minimo;calculo-de-mdr;Validar calculo de MDR para EC CONVIVENCIA de uma venda POS Amex Credito a vista com MDR Minimo elegivel;passed;2021-08-05 21:17:45-0300                                     
Amex - Mdr Minimo;calculo-de-mdr;Validar calculo de MDR para EC CONVIVENCIA de uma venda POS Amex Credito a vista com MDR Minimo elegivel;passed;2021-08-05 21:17:45-0300                                    
Amex - Mdr Minimo;calculo-de-mdr;Validar calculo de MDR para EC CONVIVENCIA de uma venda POS Amex Credito a vista com MDR Minimo elegivel;passed;2021-08-05 21:17:45-0300                                   
Amex - Mdr Minimo;calculo-de-mdr;Validar calculo de MDR para EC FULL STAR de uma venda POS Amex Credito a vista com MDR Minimo inelegivel;passed;2021-08-05 21:21:16-0300                                  
Amex - Mdr Minimo;calculo-de-mdr;Validar calculo de MDR para EC FULL STAR de uma venda POS Amex Credito a vista com MDR Minimo inelegivel;passed;2021-08-05 21:21:16-0300                                 
Amex - Mdr Minimo;calculo-de-mdr;Validar calculo de MDR para EC FULL STAR de uma venda POS Amex Credito a vista com MDR Minimo inelegivel;passed;2021-08-05 21:21:16-0300                                
Amex - Mdr Minimo;calculo-de-mdr;Validar calculo de MDR para EC CONVIVENCIA de uma venda POS Amex Credito a vista com MDR Minimo inelegivel;passed;2021-08-05 21:24:47-0300                               
Amex - Mdr Minimo;calculo-de-mdr;Validar calculo de MDR para EC CONVIVENCIA de uma venda POS Amex Credito a vista com MDR Minimo inelegivel;passed;2021-08-05 21:24:47-0300                              
Amex - Mdr Minimo;calculo-de-mdr;Validar calculo de MDR para EC CONVIVENCIA de uma venda POS Amex Credito a vista com MDR Minimo inelegivel;passed;2021-08-05 21:24:47-0300                             
Amex - Mdr Minimo;calculo-de-mdr;Validar calculo de MDR para EC FULL STAR de uma venda POS Amex Credito a vista com MDR Minimo elegivel;passed;2021-08-06 21:14:17-0300                           
Amex - Mdr Minimo;calculo-de-mdr;Validar calculo de MDR para EC CONVIVENCIA de uma venda POS Amex Credito a vista com MDR Minimo elegivel;passed;2021-08-06 21:17:50-0300                        
Amex - Mdr Minimo;calculo-de-mdr;Validar calculo de MDR para EC FULL STAR de uma venda POS Amex Credito a vista com MDR Minimo inelegivel;passed;2021-08-06 21:21:21-0300                     
Amex - Mdr Minimo;calculo-de-mdr;Validar calculo de MDR para EC CONVIVENCIA de uma venda POS Amex Credito a vista com MDR Minimo inelegivel;passed;2021-08-06 21:24:51-0300                  
Amex - Mdr Minimo;calculo-de-mdr;Validar calculo de MDR para EC FULL STAR de uma venda POS Amex Credito a vista com MDR Minimo elegivel;passed;2021-08-09 21:12:43-0300               
Amex - Mdr Minimo;calculo-de-mdr;Validar calculo de MDR para EC CONVIVENCIA de uma venda POS Amex Credito a vista com MDR Minimo elegivel;passed;2021-08-09 21:14:54-0300            
Amex - Mdr Minimo;calculo-de-mdr;Validar calculo de MDR para EC FULL STAR de uma venda POS Amex Credito a vista com MDR Minimo inelegivel;passed;2021-08-09 21:17:05-0300         
Amex - Mdr Minimo;calculo-de-mdr;Validar calculo de MDR para EC CONVIVENCIA de uma venda POS Amex Credito a vista com MDR Minimo inelegivel;passed;2021-08-09 21:19:16-0300      
Amex - Mdr Minimo;calculo-de-mdr;Validar calculo de MDR para EC FULL STAR de uma venda POS Amex Credito a vista com MDR Minimo elegivel;passed;2021-08-10 21:12:45-0300   
Amex - Mdr Minimo;calculo-de-mdr;Validar calculo de MDR para EC CONVIVENCIA de uma venda POS Amex Credito a vista com MDR Minimo elegivel;passed;2021-08-10 21:14:55-0300  
Amex - Mdr Minimo;calculo-de-mdr;Validar calculo de MDR para EC FULL STAR de uma venda POS Amex Credito a vista com MDR Minimo inelegivel;passed;2021-08-10 21:17:05-0300 
Amex - Mdr Minimo;calculo-de-mdr;Validar calculo de MDR para EC CONVIVENCIA de uma venda POS Amex Credito a vista com MDR Minimo inelegivel;passed;2021-08-10 21:19:17-0300
