nome_projeto;featura_nome_teste;id_test;status;data_execucao                                                   
Validar Ajuste Financeiro;ajuste-financeiro---validação;ID190069 Validar efetivacao e agendamento de ajuste a Debito para AMEX Credito A vista;passed;2021-08-06 10:01:06-0300                                                  
Validar Ajuste Financeiro;ajuste-financeiro---validação;ID190090 Validar efetivacao e agendamento de ajuste a Credito para AMEX Credito Parcelado loja;passed;2021-08-06 10:01:18-0300                                                
Validar Ajuste Financeiro;ajuste-financeiro---validação;ID190111 Validar efetivacao e agendamento de ajuste a Debito para ELO Credito A vista;passed;2021-08-06 10:01:30-0300                                             
Validar Ajuste Financeiro;ajuste-financeiro---validação;ID190111 Validar efetivacao e agendamento de ajuste a Debito para ELO Credito A vista;passed;2021-08-06 10:01:31-0300                                            
Validar Ajuste Financeiro;ajuste-financeiro---validação;ID190074 Validar efetivacao e agendamento de ajuste a Debito para ELO Debito A vista;passed;2021-08-06 10:01:42-0300                                          
Validar Ajuste Financeiro;ajuste-financeiro---validação;ID190082 Validar efetivacao e agendamento de ajuste a Credito para ELO Credito Parcelado loja;passed;2021-08-06 10:01:53-0300                                       
Validar Ajuste Financeiro;ajuste-financeiro---validação;ID190076 Validar efetivacao e agendamento de ajuste a Credito para HIPERCARD Credito A vista;passed;2021-08-06 10:02:05-0300                                    
Validar Ajuste Financeiro;ajuste-financeiro---validação;ID190080 Validar efetivacao e agendamento de ajuste a Credito para HIPERCARD Credito Parcelado loja;passed;2021-08-06 10:02:18-0300                                 
Validar Ajuste Financeiro;ajuste-financeiro---validação;ID196574 Validar efetivacao e agendamento de ajuste a Debito para JCB Credito A vista;passed;2021-08-06 10:02:29-0300                              
Validar Ajuste Financeiro;ajuste-financeiro---validação;ID196573 Validar efetivacao e agendamento de ajuste a Credito para JCB Credito Parcelado loja;passed;2021-08-06 10:02:40-0300                           
Validar Ajuste Financeiro;ajuste-financeiro---validação;ID190069 Validar efetivacao e agendamento de ajuste a Debito para AMEX Credito A vista;passed;2021-08-11 10:00:58-0300                        
Validar Ajuste Financeiro;ajuste-financeiro---validação;ID190090 Validar efetivacao e agendamento de ajuste a Credito para AMEX Credito Parcelado loja;passed;2021-08-11 10:01:12-0300                       
Validar Ajuste Financeiro;ajuste-financeiro---validação;ID190111 Validar efetivacao e agendamento de ajuste a Debito para ELO Credito A vista;passed;2021-08-11 10:01:26-0300                    
Validar Ajuste Financeiro;ajuste-financeiro---validação;ID190074 Validar efetivacao e agendamento de ajuste a Debito para ELO Debito A vista;passed;2021-08-11 10:01:39-0300                 
Validar Ajuste Financeiro;ajuste-financeiro---validação;ID190082 Validar efetivacao e agendamento de ajuste a Credito para ELO Credito Parcelado loja;passed;2021-08-11 10:01:52-0300              
Validar Ajuste Financeiro;ajuste-financeiro---validação;ID190076 Validar efetivacao e agendamento de ajuste a Credito para HIPERCARD Credito A vista;passed;2021-08-11 10:02:06-0300           
Validar Ajuste Financeiro;ajuste-financeiro---validação;ID190080 Validar efetivacao e agendamento de ajuste a Credito para HIPERCARD Credito Parcelado loja;passed;2021-08-11 10:02:19-0300        
Validar Ajuste Financeiro;ajuste-financeiro---validação;ID196574 Validar efetivacao e agendamento de ajuste a Debito para JCB Credito A vista;passed;2021-08-11 10:02:32-0300     
Validar Ajuste Financeiro;ajuste-financeiro---validação;ID196573 Validar efetivacao e agendamento de ajuste a Credito para JCB Credito Parcelado loja;passed;2021-08-11 10:02:44-0300  
