nome_projeto;featura_nome_teste;id_test;status;data_execucao                                                     
CancelamentoOperacao;cancelar/consultar-pagamento-de-operações-avulsas-no-sistema-nrc2;Operação avulsa Cancelamento;passed;2021-08-09 09:52:23-0300                                                    
CancelamentoOperacao;cancelar/consultar-pagamento-de-operações-avulsas-no-sistema-nrc2;Operação avulsa Cancelamento;failed;2021-08-09 09:53:04-0300                                                  
CancelamentoOperacao;cancelar/consultar-pagamento-de-operações-avulsas-no-sistema-nrc2;Operação avulsa Cancelamento;failed;2021-08-09 09:53:05-0300                                                 
CancelamentoOperacao;cancelar/consultar-pagamento-de-operações-avulsas-no-sistema-nrc2;Operação avulsa Cancelamento;passed;2021-08-09 09:54:53-0300                                               
CancelamentoOperacao;cancelar/consultar-pagamento-de-operações-avulsas-no-sistema-nrc2;Operação avulsa Cancelamento;failed;2021-08-09 09:55:07-0300                                            
CancelamentoOperacao;cancelar/consultar-pagamento-de-operações-avulsas-no-sistema-nrc2;Operação avulsa Cancelamento;failed;2021-08-09 09:55:20-0300                                         
CancelamentoOperacao;cancelar/consultar-pagamento-de-operações-avulsas-no-sistema-nrc2;Operação avulsa Cancelamento;failed;2021-08-09 09:55:21-0300                                       
CancelamentoOperacao;cancelar/consultar-pagamento-de-operações-avulsas-no-sistema-nrc2;Operação avulsa Cancelamento;failed;2021-08-09 09:55:43-0300                                      
CancelamentoOperacao;cancelar/consultar-pagamento-de-operações-avulsas-no-sistema-nrc2;Operação avulsa Cancelamento;failed;2021-08-10 14:48:22-0300                                   
CancelamentoOperacao;cancelar/consultar-pagamento-de-operações-avulsas-no-sistema-nrc2;Operação avulsa Cancelamento;failed;2021-08-10 14:48:23-0300                                  
CancelamentoOperacao;cancelar/consultar-pagamento-de-operações-avulsas-no-sistema-nrc2;Operação avulsa Cancelamento;failed;2021-08-10 14:49:51-0300                                
CancelamentoOperacao;cancelar/consultar-pagamento-de-operações-avulsas-no-sistema-nrc2;Operação avulsa Cancelamento;failed;2021-08-10 14:51:19-0300                             
CancelamentoOperacao;cancelar/consultar-pagamento-de-operações-avulsas-no-sistema-nrc2;Operação avulsa Cancelamento;passed;2021-08-10 14:53:02-0300                          
CancelamentoOperacao;cancelar/consultar-pagamento-de-operações-avulsas-no-sistema-nrc2;Operação avulsa Cancelamento;failed;2021-08-10 14:54:15-0300                       
CancelamentoOperacao;cancelar/consultar-pagamento-de-operações-avulsas-no-sistema-nrc2;Operação avulsa Cancelamento;failed;2021-08-10 14:55:49-0300                    
CancelamentoOperacao;cancelar/consultar-pagamento-de-operações-avulsas-no-sistema-nrc2;Operação avulsa Cancelamento;failed;2021-08-11 10:34:57-0300                 
CancelamentoOperacao;cancelar/consultar-pagamento-de-operações-avulsas-no-sistema-nrc2;Operação avulsa Cancelamento;failed;2021-08-11 10:34:58-0300                
CancelamentoOperacao;cancelar/consultar-pagamento-de-operações-avulsas-no-sistema-nrc2;Operação avulsa Cancelamento;failed;2021-08-11 10:36:32-0300              
CancelamentoOperacao;cancelar/consultar-pagamento-de-operações-avulsas-no-sistema-nrc2;Operação avulsa Cancelamento;failed;2021-08-11 10:38:12-0300           
CancelamentoOperacao;cancelar/consultar-pagamento-de-operações-avulsas-no-sistema-nrc2;Operação avulsa Cancelamento;failed;2021-08-11 10:38:34-0300        
CancelamentoOperacao;cancelar/consultar-pagamento-de-operações-avulsas-no-sistema-nrc2;Operação avulsa Cancelamento;failed;2021-08-11 10:38:55-0300     
CancelamentoOperacao;cancelar/consultar-pagamento-de-operações-avulsas-no-sistema-nrc2;Operação avulsa Cancelamento;failed;2021-08-11 10:38:56-0300    
CancelamentoOperacao;cancelar/consultar-pagamento-de-operações-avulsas-no-sistema-nrc2;Operação avulsa Cancelamento;failed;2021-08-11 10:39:17-0300  
CancelamentoOperacao;cancelar/consultar-pagamento-de-operações-avulsas-no-sistema-nrc2;Operação avulsa Cancelamento;failed;2021-08-11 10:39:18-0300 
