nome_projeto;featura_nome_teste;id_test;status;data_execucao                                       
Hipercard - Mdr Minimo;calculo-de-mdr;Validar calculo de MDR para EC FULL STAR de uma venda POS Hipercard Credito a vista com MDR Minimo elegivel;passed;2021-08-05 21:54:13-0300                                        
Hipercard - Mdr Minimo;calculo-de-mdr;Validar calculo de MDR para EC FULL STAR de uma venda POS Hipercard Credito a vista com MDR Minimo elegivel;passed;2021-08-05 21:54:13-0300                                       
Hipercard - Mdr Minimo;calculo-de-mdr;Validar calculo de MDR para EC FULL STAR de uma venda POS Hipercard Credito a vista com MDR Minimo elegivel;passed;2021-08-05 21:54:13-0300                                      
Hipercard - Mdr Minimo;calculo-de-mdr;Validar calculo de MDR para EC CONVIVENCIA de uma venda POS Hipercard Credito a vista com MDR Minimo elegivel;passed;2021-08-05 21:57:44-0300                                     
Hipercard - Mdr Minimo;calculo-de-mdr;Validar calculo de MDR para EC CONVIVENCIA de uma venda POS Hipercard Credito a vista com MDR Minimo elegivel;passed;2021-08-05 21:57:44-0300                                    
Hipercard - Mdr Minimo;calculo-de-mdr;Validar calculo de MDR para EC CONVIVENCIA de uma venda POS Hipercard Credito a vista com MDR Minimo elegivel;passed;2021-08-05 21:57:44-0300                                   
Hipercard - Mdr Minimo;calculo-de-mdr;Validar calculo de MDR para EC FULL STAR de uma venda POS Hipercard Credito a vista com MDR Minimo inelegivel;failed;2021-08-05 22:02:25-0300                                  
Hipercard - Mdr Minimo;calculo-de-mdr;Validar calculo de MDR para EC FULL STAR de uma venda POS Hipercard Credito a vista com MDR Minimo inelegivel;failed;2021-08-05 22:02:25-0300                                 
Hipercard - Mdr Minimo;calculo-de-mdr;Validar calculo de MDR para EC FULL STAR de uma venda POS Hipercard Credito a vista com MDR Minimo inelegivel;failed;2021-08-05 22:02:25-0300                                
Hipercard - Mdr Minimo;calculo-de-mdr;Validar calculo de MDR para EC CONVIVENCIA de uma venda POS Hipercard Credito a vista com MDR Minimo inelegivel;failed;2021-08-05 22:07:06-0300                               
Hipercard - Mdr Minimo;calculo-de-mdr;Validar calculo de MDR para EC CONVIVENCIA de uma venda POS Hipercard Credito a vista com MDR Minimo inelegivel;failed;2021-08-05 22:07:07-0300                              
Hipercard - Mdr Minimo;calculo-de-mdr;Validar calculo de MDR para EC CONVIVENCIA de uma venda POS Hipercard Credito a vista com MDR Minimo inelegivel;failed;2021-08-05 22:07:07-0300                             
Hipercard - Mdr Minimo;calculo-de-mdr;Validar calculo de MDR para EC FULL STAR de uma venda POS Hipercard Credito a vista com MDR Minimo elegivel;passed;2021-08-06 21:54:17-0300                           
Hipercard - Mdr Minimo;calculo-de-mdr;Validar calculo de MDR para EC CONVIVENCIA de uma venda POS Hipercard Credito a vista com MDR Minimo elegivel;passed;2021-08-06 21:57:47-0300                        
Hipercard - Mdr Minimo;calculo-de-mdr;Validar calculo de MDR para EC FULL STAR de uma venda POS Hipercard Credito a vista com MDR Minimo inelegivel;failed;2021-08-06 22:02:27-0300                     
Hipercard - Mdr Minimo;calculo-de-mdr;Validar calculo de MDR para EC FULL STAR de uma venda POS Hipercard Credito a vista com MDR Minimo inelegivel;failed;2021-08-06 22:02:28-0300                    
Hipercard - Mdr Minimo;calculo-de-mdr;Validar calculo de MDR para EC CONVIVENCIA de uma venda POS Hipercard Credito a vista com MDR Minimo inelegivel;failed;2021-08-06 22:07:09-0300                  
Hipercard - Mdr Minimo;calculo-de-mdr;Validar calculo de MDR para EC FULL STAR de uma venda POS Hipercard Credito a vista com MDR Minimo elegivel;passed;2021-08-09 21:52:44-0300               
Hipercard - Mdr Minimo;calculo-de-mdr;Validar calculo de MDR para EC CONVIVENCIA de uma venda POS Hipercard Credito a vista com MDR Minimo elegivel;passed;2021-08-09 21:54:57-0300            
Hipercard - Mdr Minimo;calculo-de-mdr;Validar calculo de MDR para EC FULL STAR de uma venda POS Hipercard Credito a vista com MDR Minimo inelegivel;failed;2021-08-09 21:58:19-0300         
Hipercard - Mdr Minimo;calculo-de-mdr;Validar calculo de MDR para EC CONVIVENCIA de uma venda POS Hipercard Credito a vista com MDR Minimo inelegivel;failed;2021-08-09 22:01:40-0300      
Hipercard - Mdr Minimo;calculo-de-mdr;Validar calculo de MDR para EC FULL STAR de uma venda POS Hipercard Credito a vista com MDR Minimo elegivel;passed;2021-08-10 21:52:47-0300   
Hipercard - Mdr Minimo;calculo-de-mdr;Validar calculo de MDR para EC CONVIVENCIA de uma venda POS Hipercard Credito a vista com MDR Minimo elegivel;passed;2021-08-10 21:54:58-0300  
Hipercard - Mdr Minimo;calculo-de-mdr;Validar calculo de MDR para EC FULL STAR de uma venda POS Hipercard Credito a vista com MDR Minimo inelegivel;failed;2021-08-10 21:58:17-0300 
Hipercard - Mdr Minimo;calculo-de-mdr;Validar calculo de MDR para EC CONVIVENCIA de uma venda POS Hipercard Credito a vista com MDR Minimo inelegivel;failed;2021-08-10 22:01:37-0300
