nome_projeto;featura_nome_teste;id_test;status;data_execucao                                                                                                                                                                 
Validar Alteracao de MDR Minimo STAR;validar-alteracao-mdr-minimo---star;CT.CAD.043.105 - Validar a alteração de MDR minimo no STAR para Cat. A;failed;2021-08-06 15:11:11-0300                                                                                                                                                                
Validar Alteracao de MDR Minimo STAR;validar-alteracao-mdr-minimo---star;CT.CAD.043.106 - Validar a alteração de MDR minimo no STAR para Cat. B;failed;2021-08-06 15:11:32-0300                                                                                                                                                              
Validar Alteracao de MDR Minimo STAR;validar-alteracao-mdr-minimo---star;CT.CAD.043.106 - Validar a alteração de MDR minimo no STAR para Cat. B;failed;2021-08-06 15:11:33-0300                                                                                                                                                             
Validar Alteracao de MDR Minimo STAR;validar-alteracao-mdr-minimo---star;CT.CAD.043.107 - Validar a alteração de MDR minimo no STAR para Cat. C;failed;2021-08-06 15:11:55-0300                                                                                                                                                           
Validar Alteracao de MDR Minimo STAR;validar-alteracao-mdr-minimo---star;CT.CAD.043.107 - Validar a alteração de MDR minimo no STAR para Cat. C;failed;2021-08-06 15:11:56-0300                                                                                                                                                          
Validar Alteracao de MDR Minimo STAR;validar-alteracao-mdr-minimo---star;CT.CAD.043.108 - Validar a alteração de MDR minimo no STAR para Cat. D;failed;2021-08-06 15:12:16-0300                                                                                                                                                        
Validar Alteracao de MDR Minimo STAR;validar-alteracao-mdr-minimo---star;CT.CAD.043.109 - Validar a alteração de MDR minimo no STAR para Cat. E;failed;2021-08-06 15:12:40-0300                                                                                                                                                     
Validar Alteracao de MDR Minimo STAR;validar-alteracao-mdr-minimo---star;CT.CAD.043.110 - Validar a alteração de MDR minimo no STAR para Cat. F;failed;2021-08-06 15:13:05-0300                                                                                                                                                  
Validar Alteracao de MDR Minimo STAR;validar-alteracao-mdr-minimo---star;CT.CAD.043.111 - Validar a alteração de MDR minimo no STAR para Cat. G;failed;2021-08-06 15:13:29-0300                                                                                                                                               
Validar Alteracao de MDR Minimo STAR;validar-alteracao-mdr-minimo---star;CT.CAD.043.112 - Validar a alteração de MDR minimo no STAR para Cat. H;failed;2021-08-06 15:13:57-0300                                                                                                                                            
Validar Alteracao de MDR Minimo STAR;validar-alteracao-mdr-minimo---star;CT.CAD.043.113 - Validar a alteração de MDR minimo no STAR para Cat. I;failed;2021-08-06 15:14:20-0300                                                                                                                                         
Validar Alteracao de MDR Minimo STAR;validar-alteracao-mdr-minimo---star;CT.CAD.043.114 - Validar a alteração de MDR minimo no STAR para Cat. J;failed;2021-08-06 15:14:45-0300                                                                                                                                      
Validar Alteracao de MDR Minimo STAR;validar-alteracao-mdr-minimo---star;CT.CAD.043.114 - Validar a alteração de MDR minimo no STAR para Cat. J;failed;2021-08-06 15:14:46-0300                                                                                                                                     
Validar Alteracao de MDR Minimo STAR;validar-alteracao-mdr-minimo---star;CT.CAD.043.115 - Validar a alteração de MDR minimo no STAR para Cat. K;failed;2021-08-06 15:15:09-0300                                                                                                                                   
Validar Alteracao de MDR Minimo STAR;validar-alteracao-mdr-minimo---star;CT.CAD.043.115 - Validar a alteração de MDR minimo no STAR para Cat. K;failed;2021-08-06 15:15:10-0300                                                                                                                                  
Validar Alteracao de MDR Minimo STAR;validar-alteracao-mdr-minimo---star;CT.CAD.043.116 - Validar a alteração de MDR minimo no STAR para Cat. L;failed;2021-08-06 15:15:36-0300                                                                                                                                
Validar Alteracao de MDR Minimo STAR;validar-alteracao-mdr-minimo---star;CT.CAD.043.117 - Validar a alteração de MDR minimo no STAR para Cat. M;failed;2021-08-06 15:15:59-0300                                                                                                                             
Validar Alteracao de MDR Minimo STAR;validar-alteracao-mdr-minimo---star;CT.CAD.043.117 - Validar a alteração de MDR minimo no STAR para Cat. M;failed;2021-08-06 15:16:00-0300                                                                                                                            
Validar Alteracao de MDR Minimo STAR;validar-alteracao-mdr-minimo---star;CT.CAD.043.118 - Validar a alteração de MDR minimo no STAR para Cat. N;failed;2021-08-06 15:16:26-0300                                                                                                                          
Validar Alteracao de MDR Minimo STAR;validar-alteracao-mdr-minimo---star;CT.CAD.043.119 - Validar a alteração de MDR minimo no STAR para Cat. O;failed;2021-08-06 15:16:50-0300                                                                                                                       
Validar Alteracao de MDR Minimo STAR;validar-alteracao-mdr-minimo---star;CT.CAD.043.119 - Validar a alteração de MDR minimo no STAR para Cat. O;failed;2021-08-06 15:16:51-0300                                                                                                                     
Validar Alteracao de MDR Minimo STAR;validar-alteracao-mdr-minimo---star;CT.CAD.043.120 - Validar a alteração de MDR minimo no STAR para Cat. P;failed;2021-08-06 15:17:16-0300                                                                                                                    
Validar Alteracao de MDR Minimo STAR;validar-alteracao-mdr-minimo---star;CT.CAD.043.120 - Validar a alteração de MDR minimo no STAR para Cat. P;failed;2021-08-06 15:17:17-0300                                                                                                                   
Validar Alteracao de MDR Minimo STAR;validar-alteracao-mdr-minimo---star;CT.CAD.043.121 - Validar a alteração de MDR minimo no STAR para Cat. Q;failed;2021-08-06 15:17:42-0300                                                                                                                 
Validar Alteracao de MDR Minimo STAR;validar-alteracao-mdr-minimo---star;CT.CAD.043.122 - Validar a alteração de MDR minimo no STAR para Cat. R;failed;2021-08-06 15:18:06-0300                                                                                                              
Validar Alteracao de MDR Minimo STAR;validar-alteracao-mdr-minimo---star;CT.CAD.043.122 - Validar a alteração de MDR minimo no STAR para Cat. R;failed;2021-08-06 15:18:07-0300                                                                                                            
Validar Alteracao de MDR Minimo STAR;validar-alteracao-mdr-minimo---star;CT.CAD.043.123 - Validar a alteração de MDR minimo no STAR para Cat. S;failed;2021-08-06 15:18:56-0300                                                                                                           
Validar Alteracao de MDR Minimo STAR;validar-alteracao-mdr-minimo---star;CT.CAD.043.123 - Validar a alteração de MDR minimo no STAR para Cat. S;failed;2021-08-06 15:18:57-0300                                                                                                          
Validar Alteracao de MDR Minimo STAR;validar-alteracao-mdr-minimo---star;CT.CAD.043.124 - Validar a alteração de MDR minimo no STAR para Cat. T;failed;2021-08-06 15:19:21-0300                                                                                                        
Validar Alteracao de MDR Minimo STAR;validar-alteracao-mdr-minimo---star;CT.CAD.043.125 - Validar a alteração de MDR minimo no STAR para Cat. U;failed;2021-08-06 15:19:44-0300                                                                                                     
Validar Alteracao de MDR Minimo STAR;validar-alteracao-mdr-minimo---star;CT.CAD.043.125 - Validar a alteração de MDR minimo no STAR para Cat. U;failed;2021-08-06 15:19:45-0300                                                                                                    
Validar Alteracao de MDR Minimo STAR;validar-alteracao-mdr-minimo---star;CT.CAD.043.127 - Validar a alteração de MDR minimo no STAR para Cat. W;failed;2021-08-06 15:20:13-0300                                                                                                  
Validar Alteracao de MDR Minimo STAR;validar-alteracao-mdr-minimo---star;CT.CAD.043.127 - Validar a alteração de MDR minimo no STAR para Cat. W;failed;2021-08-06 15:20:14-0300                                                                                                 
Validar Alteracao de MDR Minimo STAR;validar-alteracao-mdr-minimo---star;CT.CAD.043.128 - Validar a alteração de MDR minimo no STAR para Cat. X;failed;2021-08-06 15:20:37-0300                                                                                               
Validar Alteracao de MDR Minimo STAR;validar-alteracao-mdr-minimo---star;CT.CAD.043.129 - Validar a alteração de MDR minimo no STAR para Cat. Y;failed;2021-08-06 15:21:02-0300                                                                                            
Validar Alteracao de MDR Minimo STAR;validar-alteracao-mdr-minimo---star;CT.CAD.043.130 - Validar a alteração de MDR minimo no STAR para Cat. Z;failed;2021-08-06 15:21:25-0300                                                                                         
Validar Alteracao de MDR Minimo STAR;validar-alteracao-mdr-minimo---star;CT.CAD.043.242 - Validar a alteração de MDR minimo no STAR para Cat. 1;failed;2021-08-06 15:21:48-0300                                                                                      
Validar Alteracao de MDR Minimo STAR;validar-alteracao-mdr-minimo---star;CT.CAD.043.242 - Validar a alteração de MDR minimo no STAR para Cat. 1;failed;2021-08-06 15:21:49-0300                                                                                     
Validar Alteracao de MDR Minimo STAR;validar-alteracao-mdr-minimo---star;CT.CAD.043.251 - Validar a alteração de MDR minimo no STAR para Cat. 0;failed;2021-08-06 15:22:13-0300                                                                                   
Validar Alteracao de MDR Minimo STAR;validar-alteracao-mdr-minimo---star;CT.CAD.043.105 - Validar a alteração de MDR minimo no STAR para Cat. A;passed;2021-08-10 15:13:11-0300                                                                                
Validar Alteracao de MDR Minimo STAR;validar-alteracao-mdr-minimo---star;CT.CAD.043.106 - Validar a alteração de MDR minimo no STAR para Cat. B;passed;2021-08-10 15:15:46-0300                                                                             
Validar Alteracao de MDR Minimo STAR;validar-alteracao-mdr-minimo---star;CT.CAD.043.107 - Validar a alteração de MDR minimo no STAR para Cat. C;failed;2021-08-10 15:18:30-0300                                                                          
Validar Alteracao de MDR Minimo STAR;validar-alteracao-mdr-minimo---star;CT.CAD.043.108 - Validar a alteração de MDR minimo no STAR para Cat. D;passed;2021-08-10 15:21:05-0300                                                                       
Validar Alteracao de MDR Minimo STAR;validar-alteracao-mdr-minimo---star;CT.CAD.043.109 - Validar a alteração de MDR minimo no STAR para Cat. E;passed;2021-08-10 15:23:39-0300                                                                    
Validar Alteracao de MDR Minimo STAR;validar-alteracao-mdr-minimo---star;CT.CAD.043.110 - Validar a alteração de MDR minimo no STAR para Cat. F;passed;2021-08-10 15:26:13-0300                                                                 
Validar Alteracao de MDR Minimo STAR;validar-alteracao-mdr-minimo---star;CT.CAD.043.111 - Validar a alteração de MDR minimo no STAR para Cat. G;passed;2021-08-10 15:28:47-0300                                                              
Validar Alteracao de MDR Minimo STAR;validar-alteracao-mdr-minimo---star;CT.CAD.043.112 - Validar a alteração de MDR minimo no STAR para Cat. H;passed;2021-08-10 15:31:21-0300                                                           
Validar Alteracao de MDR Minimo STAR;validar-alteracao-mdr-minimo---star;CT.CAD.043.113 - Validar a alteração de MDR minimo no STAR para Cat. I;passed;2021-08-10 15:33:55-0300                                                        
Validar Alteracao de MDR Minimo STAR;validar-alteracao-mdr-minimo---star;CT.CAD.043.114 - Validar a alteração de MDR minimo no STAR para Cat. J;passed;2021-08-10 15:36:29-0300                                                     
Validar Alteracao de MDR Minimo STAR;validar-alteracao-mdr-minimo---star;CT.CAD.043.115 - Validar a alteração de MDR minimo no STAR para Cat. K;passed;2021-08-10 15:39:04-0300                                                  
Validar Alteracao de MDR Minimo STAR;validar-alteracao-mdr-minimo---star;CT.CAD.043.116 - Validar a alteração de MDR minimo no STAR para Cat. L;passed;2021-08-10 15:41:38-0300                                               
Validar Alteracao de MDR Minimo STAR;validar-alteracao-mdr-minimo---star;CT.CAD.043.117 - Validar a alteração de MDR minimo no STAR para Cat. M;passed;2021-08-10 15:44:13-0300                                            
Validar Alteracao de MDR Minimo STAR;validar-alteracao-mdr-minimo---star;CT.CAD.043.118 - Validar a alteração de MDR minimo no STAR para Cat. N;passed;2021-08-10 15:46:47-0300                                         
Validar Alteracao de MDR Minimo STAR;validar-alteracao-mdr-minimo---star;CT.CAD.043.119 - Validar a alteração de MDR minimo no STAR para Cat. O;passed;2021-08-10 15:49:21-0300                                      
Validar Alteracao de MDR Minimo STAR;validar-alteracao-mdr-minimo---star;CT.CAD.043.120 - Validar a alteração de MDR minimo no STAR para Cat. P;passed;2021-08-10 15:51:55-0300                                   
Validar Alteracao de MDR Minimo STAR;validar-alteracao-mdr-minimo---star;CT.CAD.043.121 - Validar a alteração de MDR minimo no STAR para Cat. Q;passed;2021-08-10 15:54:29-0300                                
Validar Alteracao de MDR Minimo STAR;validar-alteracao-mdr-minimo---star;CT.CAD.043.122 - Validar a alteração de MDR minimo no STAR para Cat. R;passed;2021-08-10 15:57:03-0300                             
Validar Alteracao de MDR Minimo STAR;validar-alteracao-mdr-minimo---star;CT.CAD.043.123 - Validar a alteração de MDR minimo no STAR para Cat. S;passed;2021-08-10 15:59:37-0300                          
Validar Alteracao de MDR Minimo STAR;validar-alteracao-mdr-minimo---star;CT.CAD.043.124 - Validar a alteração de MDR minimo no STAR para Cat. T;passed;2021-08-10 16:02:11-0300                       
Validar Alteracao de MDR Minimo STAR;validar-alteracao-mdr-minimo---star;CT.CAD.043.125 - Validar a alteração de MDR minimo no STAR para Cat. U;passed;2021-08-10 16:04:45-0300                    
Validar Alteracao de MDR Minimo STAR;validar-alteracao-mdr-minimo---star;CT.CAD.043.127 - Validar a alteração de MDR minimo no STAR para Cat. W;passed;2021-08-10 16:07:18-0300                 
Validar Alteracao de MDR Minimo STAR;validar-alteracao-mdr-minimo---star;CT.CAD.043.128 - Validar a alteração de MDR minimo no STAR para Cat. X;passed;2021-08-10 16:09:52-0300              
Validar Alteracao de MDR Minimo STAR;validar-alteracao-mdr-minimo---star;CT.CAD.043.129 - Validar a alteração de MDR minimo no STAR para Cat. Y;passed;2021-08-10 16:12:27-0300           
Validar Alteracao de MDR Minimo STAR;validar-alteracao-mdr-minimo---star;CT.CAD.043.130 - Validar a alteração de MDR minimo no STAR para Cat. Z;passed;2021-08-10 16:15:01-0300        
Validar Alteracao de MDR Minimo STAR;validar-alteracao-mdr-minimo---star;CT.CAD.043.242 - Validar a alteração de MDR minimo no STAR para Cat. 1;passed;2021-08-10 16:17:35-0300     
Validar Alteracao de MDR Minimo STAR;validar-alteracao-mdr-minimo---star;CT.CAD.043.251 - Validar a alteração de MDR minimo no STAR para Cat. 0;passed;2021-08-10 16:20:09-0300  
